id,"ancestry","name",sizing_id,"created_at","updated_at"
1,NULL,"レディース",NULL,"2019-09-28 13:53:22","2019-09-28 13:53:22"
2,"1","トップス",NULL,"2019-09-28 13:53:22","2019-09-28 13:53:22"
3,"1/2","Tシャツ/カットソー(半袖/袖なし)",1,"2019-09-28 13:53:22","2019-09-28 13:53:27"
4,"1/2","Tシャツ/カットソー(七分/長袖)",1,"2019-09-28 13:53:22","2019-09-28 13:53:27"
5,"1/2","シャツ/ブラウス(半袖/袖なし)",1,"2019-09-28 13:53:22","2019-09-28 13:53:27"
6,"1/2","シャツ/ブラウス(七分/長袖)",1,"2019-09-28 13:53:22","2019-09-28 13:53:27"
7,"1/2","ポロシャツ",1,"2019-09-28 13:53:22","2019-09-28 13:53:27"
8,"1/2","キャミソール",1,"2019-09-28 13:53:23","2019-09-28 13:53:27"
9,"1/2","タンクトップ",1,"2019-09-28 13:53:23","2019-09-28 13:53:27"
10,"1/2","ホルターネック",1,"2019-09-28 13:53:23","2019-09-28 13:53:27"
11,"1/2","ニット/セーター",1,"2019-09-28 13:53:23","2019-09-28 13:53:27"
12,"1/2","チュニック",1,"2019-09-28 13:53:23","2019-09-28 13:53:27"
13,"1/2","カーディガン/ボレロ",1,"2019-09-28 13:53:23","2019-09-28 13:53:27"
14,"1/2","アンサンブル",1,"2019-09-28 13:53:23","2019-09-28 13:53:27"
15,"1/2","ベスト/ジレ",1,"2019-09-28 13:53:23","2019-09-28 13:53:27"
16,"1/2","パーカー",1,"2019-09-28 13:53:23","2019-09-28 13:53:27"
17,"1/2","トレーナー/スウェット",1,"2019-09-28 13:53:23","2019-09-28 13:53:27"
18,"1/2","ベアトップ/チューブトップ",1,"2019-09-28 13:53:23","2019-09-28 13:53:27"
19,"1/2","ジャージ",1,"2019-09-28 13:53:23","2019-09-28 13:53:27"
20,"1/2","その他",NULL,"2019-09-28 13:53:23","2019-09-28 13:53:27"
21,"1","ジャケット/アウター",NULL,"2019-09-28 13:53:23","2019-09-28 13:53:23"
22,"1/21","テーラードジャケット",1,"2019-09-28 13:53:23","2019-09-28 13:53:27"
23,"1/21","ノーカラージャケット",1,"2019-09-28 13:53:23","2019-09-28 13:53:27"
24,"1/21","Gジャン/デニムジャケット",1,"2019-09-28 13:53:23","2019-09-28 13:53:27"
25,"1/21","レザージャケット",1,"2019-09-28 13:53:23","2019-09-28 13:53:27"
26,"1/21","ダウンジャケット",1,"2019-09-28 13:53:23","2019-09-28 13:53:27"
27,"1/21","ライダースジャケット",1,"2019-09-28 13:53:23","2019-09-28 13:53:27"
28,"1/21","ミリタリージャケット",1,"2019-09-28 13:53:23","2019-09-28 13:53:27"
29,"1/21","ダウンベスト",1,"2019-09-28 13:53:23","2019-09-28 13:53:27"
30,"1/21","ジャンパー/ブルゾン",1,"2019-09-28 13:53:23","2019-09-28 13:53:27"
31,"1/21","ポンチョ",1,"2019-09-28 13:53:23","2019-09-28 13:53:27"
32,"1/21","ロングコート",1,"2019-09-28 13:53:23","2019-09-28 13:53:27"
33,"1/21","トレンチコート",1,"2019-09-28 13:53:23","2019-09-28 13:53:27"
34,"1/21","ダッフルコート",1,"2019-09-28 13:53:23","2019-09-28 13:53:27"
35,"1/21","ピーコート",1,"2019-09-28 13:53:23","2019-09-28 13:53:27"
36,"1/21","チェスターコート",1,"2019-09-28 13:53:23","2019-09-28 13:53:27"
37,"1/21","モッズコート",1,"2019-09-28 13:53:23","2019-09-28 13:53:27"
38,"1/21","スタジャン",1,"2019-09-28 13:53:23","2019-09-28 13:53:27"
39,"1/21","毛皮/ファーコート",1,"2019-09-28 13:53:23","2019-09-28 13:53:27"
40,"1/21","スプリングコート",1,"2019-09-28 13:53:23","2019-09-28 13:53:27"
41,"1/21","スカジャン",1,"2019-09-28 13:53:23","2019-09-28 13:53:27"
42,"1/21","その他",NULL,"2019-09-28 13:53:23","2019-09-28 13:53:27"
43,"1","パンツ",NULL,"2019-09-28 13:53:23","2019-09-28 13:53:23"
44,"1/43","デニム/ジーンズ",1,"2019-09-28 13:53:23","2019-09-28 13:53:27"
45,"1/43","ショートパンツ",1,"2019-09-28 13:53:23","2019-09-28 13:53:27"
46,"1/43","カジュアルパンツ",1,"2019-09-28 13:53:23","2019-09-28 13:53:27"
47,"1/43","ハーフパンツ",1,"2019-09-28 13:53:23","2019-09-28 13:53:27"
48,"1/43","チノパン",1,"2019-09-28 13:53:23","2019-09-28 13:53:27"
49,"1/43","ワークパンツ/カーゴパンツ",1,"2019-09-28 13:53:23","2019-09-28 13:53:27"
50,"1/43","クロップドパンツ",1,"2019-09-28 13:53:23","2019-09-28 13:53:27"
51,"1/43","サロペット/オーバーオール",1,"2019-09-28 13:53:23","2019-09-28 13:53:27"
52,"1/43","オールインワン",1,"2019-09-28 13:53:23","2019-09-28 13:53:27"
53,"1/43","サルエルパンツ",1,"2019-09-28 13:53:23","2019-09-28 13:53:27"
54,"1/43","ガウチョパンツ",1,"2019-09-28 13:53:23","2019-09-28 13:53:27"
55,"1/43","その他",NULL,"2019-09-28 13:53:23","2019-09-28 13:53:27"
56,"1","スカート",NULL,"2019-09-28 13:53:23","2019-09-28 13:53:23"
57,"1/56","ミニスカート",1,"2019-09-28 13:53:23","2019-09-28 13:53:27"
58,"1/56","ひざ丈スカート",1,"2019-09-28 13:53:23","2019-09-28 13:53:27"
59,"1/56","ロングスカート",1,"2019-09-28 13:53:23","2019-09-28 13:53:27"
60,"1/56","キュロット",1,"2019-09-28 13:53:23","2019-09-28 13:53:27"
61,"1/56","その他",NULL,"2019-09-28 13:53:23","2019-09-28 13:53:27"
62,"1","ワンピース",NULL,"2019-09-28 13:53:23","2019-09-28 13:53:23"
63,"1/62","ミニワンピース",1,"2019-09-28 13:53:23","2019-09-28 13:53:27"
64,"1/62","ひざ丈ワンピース",1,"2019-09-28 13:53:23","2019-09-28 13:53:27"
65,"1/62","ロングワンピース",1,"2019-09-28 13:53:23","2019-09-28 13:53:27"
66,"1/62","その他",NULL,"2019-09-28 13:53:23","2019-09-28 13:53:27"
67,"1","靴",NULL,"2019-09-28 13:53:23","2019-09-28 13:53:23"
68,"1/67","ハイヒール/パンプス",29,"2019-09-28 13:53:23","2019-09-28 13:53:27"
69,"1/67","ブーツ",29,"2019-09-28 13:53:23","2019-09-28 13:53:27"
70,"1/67","サンダル",29,"2019-09-28 13:53:23","2019-09-28 13:53:27"
71,"1/67","スニーカー",29,"2019-09-28 13:53:23","2019-09-28 13:53:27"
72,"1/67","ミュール",29,"2019-09-28 13:53:23","2019-09-28 13:53:27"
73,"1/67","モカシン",29,"2019-09-28 13:53:23","2019-09-28 13:53:27"
74,"1/67","ローファー/革靴",29,"2019-09-28 13:53:23","2019-09-28 13:53:27"
75,"1/67","フラットシューズ/バレエシューズ",29,"2019-09-28 13:53:23","2019-09-28 13:53:27"
76,"1/67","長靴/レインシューズ",29,"2019-09-28 13:53:23","2019-09-28 13:53:27"
77,"1/67","その他",NULL,"2019-09-28 13:53:23","2019-09-28 13:53:27"
78,"1","ルームウェア/パジャマ",NULL,"2019-09-28 13:53:23","2019-09-28 13:53:23"
79,"1/78","パジャマ",1,"2019-09-28 13:53:23","2019-09-28 13:53:27"
80,"1/78","ルームウェア",1,"2019-09-28 13:53:23","2019-09-28 13:53:27"
81,"1","レッグウェア",NULL,"2019-09-28 13:53:23","2019-09-28 13:53:23"
82,"1/81","ソックス",NULL,"2019-09-28 13:53:23","2019-09-28 13:53:23"
83,"1/81","スパッツ/レギンス",NULL,"2019-09-28 13:53:23","2019-09-28 13:53:23"
84,"1/81","ストッキング/タイツ",NULL,"2019-09-28 13:53:23","2019-09-28 13:53:23"
85,"1/81","レッグウォーマー",NULL,"2019-09-28 13:53:23","2019-09-28 13:53:23"
86,"1/81","その他",NULL,"2019-09-28 13:53:23","2019-09-28 13:53:23"
87,"1","帽子",NULL,"2019-09-28 13:53:23","2019-09-28 13:53:23"
88,"1/87","ニットキャップ/ビーニー",NULL,"2019-09-28 13:53:23","2019-09-28 13:53:23"
89,"1/87","ハット",NULL,"2019-09-28 13:53:23","2019-09-28 13:53:23"
90,"1/87","ハンチング/ベレー帽",NULL,"2019-09-28 13:53:23","2019-09-28 13:53:23"
91,"1/87","キャップ",NULL,"2019-09-28 13:53:23","2019-09-28 13:53:23"
92,"1/87","キャスケット",NULL,"2019-09-28 13:53:23","2019-09-28 13:53:23"
93,"1/87","麦わら帽子",NULL,"2019-09-28 13:53:23","2019-09-28 13:53:23"
94,"1/87","その他",NULL,"2019-09-28 13:53:23","2019-09-28 13:53:23"
95,"1","バッグ",NULL,"2019-09-28 13:53:23","2019-09-28 13:53:23"
96,"1/95","ハンドバッグ",NULL,"2019-09-28 13:53:23","2019-09-28 13:53:23"
97,"1/95","トートバッグ",NULL,"2019-09-28 13:53:23","2019-09-28 13:53:23"
98,"1/95","エコバッグ",NULL,"2019-09-28 13:53:23","2019-09-28 13:53:23"
99,"1/95","リュック/バックパック",NULL,"2019-09-28 13:53:23","2019-09-28 13:53:23"
100,"1/95","ボストンバッグ",NULL,"2019-09-28 13:53:23","2019-09-28 13:53:23"
101,"1/95","スポーツバッグ",NULL,"2019-09-28 13:53:23","2019-09-28 13:53:23"
102,"1/95","ショルダーバッグ",NULL,"2019-09-28 13:53:23","2019-09-28 13:53:23"
103,"1/95","クラッチバッグ",NULL,"2019-09-28 13:53:23","2019-09-28 13:53:23"
104,"1/95","ポーチ/バニティ",NULL,"2019-09-28 13:53:23","2019-09-28 13:53:23"
105,"1/95","ボディバッグ/ウェストバッグ",NULL,"2019-09-28 13:53:23","2019-09-28 13:53:23"
106,"1/95","マザーズバッグ",NULL,"2019-09-28 13:53:23","2019-09-28 13:53:23"
107,"1/95","メッセンジャーバッグ",NULL,"2019-09-28 13:53:23","2019-09-28 13:53:23"
108,"1/95","ビジネスバッグ",NULL,"2019-09-28 13:53:23","2019-09-28 13:53:23"
109,"1/95","旅行用バッグ/キャリーバッグ",NULL,"2019-09-28 13:53:23","2019-09-28 13:53:23"
110,"1/95","ショップ袋",NULL,"2019-09-28 13:53:23","2019-09-28 13:53:23"
111,"1/95","和装用バッグ",NULL,"2019-09-28 13:53:23","2019-09-28 13:53:23"
112,"1/95","かごバッグ",NULL,"2019-09-28 13:53:23","2019-09-28 13:53:23"
113,"1/95","その他",NULL,"2019-09-28 13:53:23","2019-09-28 13:53:23"
114,"1","アクセサリー",NULL,"2019-09-28 13:53:23","2019-09-28 13:53:23"
115,"1/114","ネックレス",NULL,"2019-09-28 13:53:23","2019-09-28 13:53:23"
116,"1/114","ブレスレット",NULL,"2019-09-28 13:53:23","2019-09-28 13:53:23"
117,"1/114","バングル/リストバンド",NULL,"2019-09-28 13:53:23","2019-09-28 13:53:23"
118,"1/114","リング",NULL,"2019-09-28 13:53:23","2019-09-28 13:53:23"
119,"1/114","ピアス(片耳用)",NULL,"2019-09-28 13:53:23","2019-09-28 13:53:23"
120,"1/114","ピアス(両耳用)",NULL,"2019-09-28 13:53:23","2019-09-28 13:53:23"
121,"1/114","イヤリング",NULL,"2019-09-28 13:53:23","2019-09-28 13:53:23"
122,"1/114","アンクレット",NULL,"2019-09-28 13:53:23","2019-09-28 13:53:23"
123,"1/114","ブローチ/コサージュ",NULL,"2019-09-28 13:53:23","2019-09-28 13:53:23"
124,"1/114","チャーム",NULL,"2019-09-28 13:53:23","2019-09-28 13:53:23"
125,"1/114","その他",NULL,"2019-09-28 13:53:23","2019-09-28 13:53:23"
126,"1","ヘアアクセサリー",NULL,"2019-09-28 13:53:23","2019-09-28 13:53:23"
127,"1/126","ヘアゴム/シュシュ",NULL,"2019-09-28 13:53:23","2019-09-28 13:53:23"
128,"1/126","ヘアバンド/カチューシャ",NULL,"2019-09-28 13:53:23","2019-09-28 13:53:23"
129,"1/126","ヘアピン",NULL,"2019-09-28 13:53:23","2019-09-28 13:53:23"
130,"1/126","その他",NULL,"2019-09-28 13:53:23","2019-09-28 13:53:23"
131,"1","小物",NULL,"2019-09-28 13:53:23","2019-09-28 13:53:23"
132,"1/131","長財布",NULL,"2019-09-28 13:53:23","2019-09-28 13:53:23"
133,"1/131","折り財布",NULL,"2019-09-28 13:53:23","2019-09-28 13:53:23"
134,"1/131","コインケース/小銭入れ",NULL,"2019-09-28 13:53:23","2019-09-28 13:53:23"
135,"1/131","名刺入れ/定期入れ",NULL,"2019-09-28 13:53:23","2019-09-28 13:53:23"
136,"1/131","キーケース",NULL,"2019-09-28 13:53:23","2019-09-28 13:53:23"
137,"1/131","キーホルダー",NULL,"2019-09-28 13:53:23","2019-09-28 13:53:23"
138,"1/131","手袋/アームカバー",NULL,"2019-09-28 13:53:23","2019-09-28 13:53:23"
139,"1/131","ハンカチ",NULL,"2019-09-28 13:53:23","2019-09-28 13:53:23"
140,"1/131","ベルト",NULL,"2019-09-28 13:53:23","2019-09-28 13:53:23"
141,"1/131","マフラー/ショール",NULL,"2019-09-28 13:53:23","2019-09-28 13:53:23"
142,"1/131","ストール/スヌード",NULL,"2019-09-28 13:53:23","2019-09-28 13:53:23"
143,"1/131","バンダナ/スカーフ",NULL,"2019-09-28 13:53:23","2019-09-28 13:53:23"
144,"1/131","ネックウォーマー",NULL,"2019-09-28 13:53:23","2019-09-28 13:53:23"
145,"1/131","サスペンダー",NULL,"2019-09-28 13:53:23","2019-09-28 13:53:23"
146,"1/131","サングラス/メガネ",NULL,"2019-09-28 13:53:23","2019-09-28 13:53:23"
147,"1/131","モバイルケース/カバー",NULL,"2019-09-28 13:53:23","2019-09-28 13:53:23"
148,"1/131","手帳",NULL,"2019-09-28 13:53:23","2019-09-28 13:53:23"
149,"1/131","イヤマフラー",NULL,"2019-09-28 13:53:23","2019-09-28 13:53:23"
150,"1/131","傘",NULL,"2019-09-28 13:53:23","2019-09-28 13:53:23"
151,"1/131","レインコート/ポンチョ",NULL,"2019-09-28 13:53:23","2019-09-28 13:53:23"
152,"1/131","ミラー",NULL,"2019-09-28 13:53:23","2019-09-28 13:53:23"
153,"1/131","タバコグッズ",NULL,"2019-09-28 13:53:23","2019-09-28 13:53:23"
154,"1/131","その他",NULL,"2019-09-28 13:53:23","2019-09-28 13:53:23"
155,"1","時計",NULL,"2019-09-28 13:53:23","2019-09-28 13:53:23"
156,"1/155","腕時計(アナログ)",NULL,"2019-09-28 13:53:23","2019-09-28 13:53:23"
157,"1/155","腕時計(デジタル)",NULL,"2019-09-28 13:53:23","2019-09-28 13:53:23"
158,"1/155","ラバーベルト",NULL,"2019-09-28 13:53:23","2019-09-28 13:53:23"
159,"1/155","レザーベルト",NULL,"2019-09-28 13:53:23","2019-09-28 13:53:23"
160,"1/155","金属ベルト",NULL,"2019-09-28 13:53:23","2019-09-28 13:53:23"
161,"1/155","その他",NULL,"2019-09-28 13:53:23","2019-09-28 13:53:23"
162,"1","ウィッグ/エクステ",NULL,"2019-09-28 13:53:23","2019-09-28 13:53:23"
163,"1/162","前髪ウィッグ",NULL,"2019-09-28 13:53:23","2019-09-28 13:53:23"
164,"1/162","ロングストレート",NULL,"2019-09-28 13:53:23","2019-09-28 13:53:23"
165,"1/162","ロングカール",NULL,"2019-09-28 13:53:23","2019-09-28 13:53:23"
166,"1/162","ショートストレート",NULL,"2019-09-28 13:53:23","2019-09-28 13:53:23"
167,"1/162","ショートカール",NULL,"2019-09-28 13:53:23","2019-09-28 13:53:23"
168,"1/162","その他",NULL,"2019-09-28 13:53:23","2019-09-28 13:53:23"
169,"1","浴衣/水着",NULL,"2019-09-28 13:53:23","2019-09-28 13:53:23"
170,"1/169","浴衣",1,"2019-09-28 13:53:23","2019-09-28 13:53:27"
171,"1/169","着物",1,"2019-09-28 13:53:23","2019-09-28 13:53:27"
172,"1/169","振袖",1,"2019-09-28 13:53:23","2019-09-28 13:53:27"
173,"1/169","長襦袢/半襦袢",1,"2019-09-28 13:53:23","2019-09-28 13:53:27"
174,"1/169","水着セパレート",1,"2019-09-28 13:53:23","2019-09-28 13:53:27"
175,"1/169","水着ワンピース",1,"2019-09-28 13:53:23","2019-09-28 13:53:27"
176,"1/169","水着スポーツ用",1,"2019-09-28 13:53:23","2019-09-28 13:53:27"
177,"1/169","その他",NULL,"2019-09-28 13:53:23","2019-09-28 13:53:27"
178,"1","スーツ/フォーマル/ドレス",NULL,"2019-09-28 13:53:23","2019-09-28 13:53:23"
179,"1/178","スカートスーツ上下",1,"2019-09-28 13:53:23","2019-09-28 13:53:27"
180,"1/178","パンツスーツ上下",1,"2019-09-28 13:53:23","2019-09-28 13:53:27"
181,"1/178","ドレス",1,"2019-09-28 13:53:23","2019-09-28 13:53:27"
182,"1/178","パーティーバッグ",1,"2019-09-28 13:53:23","2019-09-28 13:53:27"
183,"1/178","シューズ",1,"2019-09-28 13:53:23","2019-09-28 13:53:27"
184,"1/178","ウェディング",1,"2019-09-28 13:53:23","2019-09-28 13:53:27"
185,"1/178","その他",NULL,"2019-09-28 13:53:23","2019-09-28 13:53:27"
186,"1","マタニティ",NULL,"2019-09-28 13:53:23","2019-09-28 13:53:23"
187,"1/186","トップス",1,"2019-09-28 13:53:23","2019-09-28 13:53:27"
188,"1/186","アウター",1,"2019-09-28 13:53:23","2019-09-28 13:53:27"
189,"1/186","インナー",1,"2019-09-28 13:53:23","2019-09-28 13:53:27"
190,"1/186","ワンピース",1,"2019-09-28 13:53:23","2019-09-28 13:53:27"
191,"1/186","パンツ/スパッツ",1,"2019-09-28 13:53:23","2019-09-28 13:53:27"
192,"1/186","スカート",1,"2019-09-28 13:53:23","2019-09-28 13:53:27"
193,"1/186","パジャマ",1,"2019-09-28 13:53:23","2019-09-28 13:53:27"
194,"1/186","授乳服",1,"2019-09-28 13:53:23","2019-09-28 13:53:27"
195,"1/186","その他",NULL,"2019-09-28 13:53:23","2019-09-28 13:53:27"
196,"1","その他",NULL,"2019-09-28 13:53:23","2019-09-28 13:53:23"
197,"1/196","コスプレ",NULL,"2019-09-28 13:53:23","2019-09-28 13:53:23"
198,"1/196","下着",NULL,"2019-09-28 13:53:23","2019-09-28 13:53:23"
199,"1/196","その他",NULL,"2019-09-28 13:53:23","2019-09-28 13:53:23"
200,NULL,"メンズ",NULL,"2019-09-28 13:53:23","2019-09-28 13:53:23"
201,"200","トップス",NULL,"2019-09-28 13:53:23","2019-09-28 13:53:23"
202,"200/201","Tシャツ/カットソー(半袖/袖なし)",1,"2019-09-28 13:53:23","2019-09-28 13:53:27"
203,"200/201","Tシャツ/カットソー(七分/長袖)",1,"2019-09-28 13:53:23","2019-09-28 13:53:27"
204,"200/201","シャツ",1,"2019-09-28 13:53:23","2019-09-28 13:53:27"
205,"200/201","ポロシャツ",1,"2019-09-28 13:53:23","2019-09-28 13:53:27"
206,"200/201","タンクトップ",1,"2019-09-28 13:53:23","2019-09-28 13:53:27"
207,"200/201","ニット/セーター",1,"2019-09-28 13:53:23","2019-09-28 13:53:27"
208,"200/201","パーカー",1,"2019-09-28 13:53:23","2019-09-28 13:53:27"
209,"200/201","カーディガン",1,"2019-09-28 13:53:23","2019-09-28 13:53:27"
210,"200/201","スウェット",1,"2019-09-28 13:53:23","2019-09-28 13:53:27"
211,"200/201","ジャージ",1,"2019-09-28 13:53:23","2019-09-28 13:53:27"
212,"200/201","ベスト",1,"2019-09-28 13:53:23","2019-09-28 13:53:27"
213,"200/201","その他",NULL,"2019-09-28 13:53:23","2019-09-28 13:53:27"
214,"200","ジャケット/アウター",NULL,"2019-09-28 13:53:23","2019-09-28 13:53:23"
215,"200/214","テーラードジャケット",1,"2019-09-28 13:53:23","2019-09-28 13:53:27"
216,"200/214","ノーカラージャケット",1,"2019-09-28 13:53:23","2019-09-28 13:53:27"
217,"200/214","Gジャン/デニムジャケット",1,"2019-09-28 13:53:23","2019-09-28 13:53:27"
218,"200/214","レザージャケット",1,"2019-09-28 13:53:23","2019-09-28 13:53:27"
219,"200/214","ダウンジャケット",1,"2019-09-28 13:53:23","2019-09-28 13:53:27"
220,"200/214","ライダースジャケット",1,"2019-09-28 13:53:23","2019-09-28 13:53:27"
221,"200/214","ミリタリージャケット",1,"2019-09-28 13:53:23","2019-09-28 13:53:27"
222,"200/214","ナイロンジャケット",1,"2019-09-28 13:53:23","2019-09-28 13:53:27"
223,"200/214","フライトジャケット",1,"2019-09-28 13:53:23","2019-09-28 13:53:27"
224,"200/214","ダッフルコート",1,"2019-09-28 13:53:23","2019-09-28 13:53:27"
225,"200/214","ピーコート",1,"2019-09-28 13:53:23","2019-09-28 13:53:27"
226,"200/214","ステンカラーコート",1,"2019-09-28 13:53:23","2019-09-28 13:53:27"
227,"200/214","トレンチコート",1,"2019-09-28 13:53:23","2019-09-28 13:53:27"
228,"200/214","モッズコート",1,"2019-09-28 13:53:23","2019-09-28 13:53:27"
229,"200/214","チェスターコート",1,"2019-09-28 13:53:23","2019-09-28 13:53:27"
230,"200/214","スタジャン",1,"2019-09-28 13:53:23","2019-09-28 13:53:27"
231,"200/214","スカジャン",1,"2019-09-28 13:53:23","2019-09-28 13:53:27"
232,"200/214","ブルゾン",1,"2019-09-28 13:53:23","2019-09-28 13:53:27"
233,"200/214","マウンテンパーカー",1,"2019-09-28 13:53:23","2019-09-28 13:53:27"
234,"200/214","ダウンベスト",1,"2019-09-28 13:53:23","2019-09-28 13:53:27"
235,"200/214","ポンチョ",1,"2019-09-28 13:53:23","2019-09-28 13:53:27"
236,"200/214","カバーオール",1,"2019-09-28 13:53:23","2019-09-28 13:53:27"
237,"200/214","その他",NULL,"2019-09-28 13:53:23","2019-09-28 13:53:27"
238,"200","パンツ",NULL,"2019-09-28 13:53:23","2019-09-28 13:53:23"
239,"200/238","デニム/ジーンズ",1,"2019-09-28 13:53:23","2019-09-28 13:53:27"
240,"200/238","ワークパンツ/カーゴパンツ",1,"2019-09-28 13:53:23","2019-09-28 13:53:27"
241,"200/238","スラックス",1,"2019-09-28 13:53:23","2019-09-28 13:53:27"
242,"200/238","チノパン",1,"2019-09-28 13:53:23","2019-09-28 13:53:27"
243,"200/238","ショートパンツ",1,"2019-09-28 13:53:23","2019-09-28 13:53:27"
244,"200/238","ペインターパンツ",1,"2019-09-28 13:53:23","2019-09-28 13:53:27"
245,"200/238","サルエルパンツ",1,"2019-09-28 13:53:23","2019-09-28 13:53:27"
246,"200/238","オーバーオール",1,"2019-09-28 13:53:23","2019-09-28 13:53:27"
247,"200/238","その他",NULL,"2019-09-28 13:53:23","2019-09-28 13:53:27"
248,"200","靴",NULL,"2019-09-28 13:53:23","2019-09-28 13:53:23"
249,"200/248","スニーカー",12,"2019-09-28 13:53:23","2019-09-28 13:53:27"
250,"200/248","サンダル",12,"2019-09-28 13:53:23","2019-09-28 13:53:27"
251,"200/248","ブーツ",12,"2019-09-28 13:53:23","2019-09-28 13:53:27"
252,"200/248","モカシン",12,"2019-09-28 13:53:23","2019-09-28 13:53:27"
253,"200/248","ドレス/ビジネス",12,"2019-09-28 13:53:23","2019-09-28 13:53:27"
254,"200/248","長靴/レインシューズ",12,"2019-09-28 13:53:23","2019-09-28 13:53:27"
255,"200/248","デッキシューズ",12,"2019-09-28 13:53:23","2019-09-28 13:53:27"
256,"200/248","その他",NULL,"2019-09-28 13:53:23","2019-09-28 13:53:27"
257,"200","バッグ",NULL,"2019-09-28 13:53:23","2019-09-28 13:53:23"
258,"200/257","ショルダーバッグ",NULL,"2019-09-28 13:53:23","2019-09-28 13:53:23"
259,"200/257","トートバッグ",NULL,"2019-09-28 13:53:23","2019-09-28 13:53:23"
260,"200/257","ボストンバッグ",NULL,"2019-09-28 13:53:23","2019-09-28 13:53:23"
261,"200/257","リュック/バックパック",NULL,"2019-09-28 13:53:23","2019-09-28 13:53:23"
262,"200/257","ウエストポーチ",NULL,"2019-09-28 13:53:23","2019-09-28 13:53:23"
263,"200/257","ボディーバッグ",NULL,"2019-09-28 13:53:23","2019-09-28 13:53:23"
264,"200/257","ドラムバッグ",NULL,"2019-09-28 13:53:23","2019-09-28 13:53:23"
265,"200/257","ビジネスバッグ",NULL,"2019-09-28 13:53:23","2019-09-28 13:53:23"
266,"200/257","トラベルバッグ",NULL,"2019-09-28 13:53:23","2019-09-28 13:53:23"
267,"200/257","メッセンジャーバッグ",NULL,"2019-09-28 13:53:23","2019-09-28 13:53:23"
268,"200/257","エコバッグ",NULL,"2019-09-28 13:53:23","2019-09-28 13:53:23"
269,"200/257","その他",NULL,"2019-09-28 13:53:23","2019-09-28 13:53:23"
270,"200","スーツ",NULL,"2019-09-28 13:53:23","2019-09-28 13:53:23"
271,"200/270","スーツジャケット",1,"2019-09-28 13:53:23","2019-09-28 13:53:27"
272,"200/270","スーツベスト",1,"2019-09-28 13:53:23","2019-09-28 13:53:27"
273,"200/270","スラックス",1,"2019-09-28 13:53:23","2019-09-28 13:53:27"
274,"200/270","セットアップ",1,"2019-09-28 13:53:23","2019-09-28 13:53:27"
275,"200/270","その他",NULL,"2019-09-28 13:53:23","2019-09-28 13:53:27"
276,"200","帽子",NULL,"2019-09-28 13:53:23","2019-09-28 13:53:23"
277,"200/276","キャップ",NULL,"2019-09-28 13:53:23","2019-09-28 13:53:23"
278,"200/276","ハット",NULL,"2019-09-28 13:53:23","2019-09-28 13:53:23"
279,"200/276","ニットキャップ/ビーニー",NULL,"2019-09-28 13:53:23","2019-09-28 13:53:23"
280,"200/276","ハンチング/ベレー帽",NULL,"2019-09-28 13:53:23","2019-09-28 13:53:23"
281,"200/276","キャスケット",NULL,"2019-09-28 13:53:23","2019-09-28 13:53:23"
282,"200/276","サンバイザー",NULL,"2019-09-28 13:53:23","2019-09-28 13:53:23"
283,"200/276","その他",NULL,"2019-09-28 13:53:23","2019-09-28 13:53:23"
284,"200","アクセサリー",NULL,"2019-09-28 13:53:23","2019-09-28 13:53:23"
285,"200/284","ネックレス",NULL,"2019-09-28 13:53:23","2019-09-28 13:53:23"
286,"200/284","ブレスレット",NULL,"2019-09-28 13:53:23","2019-09-28 13:53:23"
287,"200/284","バングル/リストバンド",NULL,"2019-09-28 13:53:23","2019-09-28 13:53:23"
288,"200/284","リング",NULL,"2019-09-28 13:53:23","2019-09-28 13:53:23"
289,"200/284","ピアス(片耳用)",NULL,"2019-09-28 13:53:23","2019-09-28 13:53:23"
290,"200/284","ピアス(両耳用)",NULL,"2019-09-28 13:53:23","2019-09-28 13:53:23"
291,"200/284","アンクレット",NULL,"2019-09-28 13:53:23","2019-09-28 13:53:23"
292,"200/284","その他",NULL,"2019-09-28 13:53:23","2019-09-28 13:53:23"
293,"200","小物",NULL,"2019-09-28 13:53:23","2019-09-28 13:53:23"
294,"200/293","長財布",NULL,"2019-09-28 13:53:23","2019-09-28 13:53:23"
295,"200/293","折り財布",NULL,"2019-09-28 13:53:23","2019-09-28 13:53:23"
296,"200/293","マネークリップ",NULL,"2019-09-28 13:53:23","2019-09-28 13:53:23"
297,"200/293","コインケース/小銭入れ",NULL,"2019-09-28 13:53:23","2019-09-28 13:53:23"
298,"200/293","名刺入れ/定期入れ",NULL,"2019-09-28 13:53:23","2019-09-28 13:53:23"
299,"200/293","キーケース",NULL,"2019-09-28 13:53:23","2019-09-28 13:53:23"
300,"200/293","キーホルダー",NULL,"2019-09-28 13:53:23","2019-09-28 13:53:23"
301,"200/293","ネクタイ",NULL,"2019-09-28 13:53:23","2019-09-28 13:53:23"
302,"200/293","手袋",NULL,"2019-09-28 13:53:23","2019-09-28 13:53:23"
303,"200/293","ハンカチ",NULL,"2019-09-28 13:53:23","2019-09-28 13:53:23"
304,"200/293","ベルト",NULL,"2019-09-28 13:53:23","2019-09-28 13:53:23"
305,"200/293","マフラー",NULL,"2019-09-28 13:53:23","2019-09-28 13:53:23"
306,"200/293","ストール",NULL,"2019-09-28 13:53:23","2019-09-28 13:53:23"
307,"200/293","バンダナ",NULL,"2019-09-28 13:53:23","2019-09-28 13:53:23"
308,"200/293","ネックウォーマー",NULL,"2019-09-28 13:53:23","2019-09-28 13:53:23"
309,"200/293","サスペンダー",NULL,"2019-09-28 13:53:23","2019-09-28 13:53:23"
310,"200/293","ウォレットチェーン",NULL,"2019-09-28 13:53:23","2019-09-28 13:53:23"
311,"200/293","サングラス/メガネ",NULL,"2019-09-28 13:53:23","2019-09-28 13:53:23"
312,"200/293","モバイルケース/カバー",NULL,"2019-09-28 13:53:23","2019-09-28 13:53:23"
313,"200/293","手帳",NULL,"2019-09-28 13:53:23","2019-09-28 13:53:23"
314,"200/293","ストラップ",NULL,"2019-09-28 13:53:23","2019-09-28 13:53:23"
315,"200/293","ネクタイピン",NULL,"2019-09-28 13:53:23","2019-09-28 13:53:23"
316,"200/293","カフリンクス",NULL,"2019-09-28 13:53:23","2019-09-28 13:53:23"
317,"200/293","イヤマフラー",NULL,"2019-09-28 13:53:24","2019-09-28 13:53:24"
318,"200/293","傘",NULL,"2019-09-28 13:53:24","2019-09-28 13:53:24"
319,"200/293","レインコート",NULL,"2019-09-28 13:53:24","2019-09-28 13:53:24"
320,"200/293","ミラー",NULL,"2019-09-28 13:53:24","2019-09-28 13:53:24"
321,"200/293","タバコグッズ",NULL,"2019-09-28 13:53:24","2019-09-28 13:53:24"
322,"200/293","その他",NULL,"2019-09-28 13:53:24","2019-09-28 13:53:24"
323,"200","時計",NULL,"2019-09-28 13:53:24","2019-09-28 13:53:24"
324,"200/323","腕時計(アナログ)",NULL,"2019-09-28 13:53:24","2019-09-28 13:53:24"
325,"200/323","腕時計(デジタル)",NULL,"2019-09-28 13:53:24","2019-09-28 13:53:24"
326,"200/323","ラバーベルト",NULL,"2019-09-28 13:53:24","2019-09-28 13:53:24"
327,"200/323","レザーベルト",NULL,"2019-09-28 13:53:24","2019-09-28 13:53:24"
328,"200/323","金属ベルト",NULL,"2019-09-28 13:53:24","2019-09-28 13:53:24"
329,"200/323","その他",NULL,"2019-09-28 13:53:24","2019-09-28 13:53:24"
330,"200","水着",NULL,"2019-09-28 13:53:24","2019-09-28 13:53:24"
331,"200/330","一般水着",1,"2019-09-28 13:53:24","2019-09-28 13:53:27"
332,"200/330","スポーツ用",1,"2019-09-28 13:53:24","2019-09-28 13:53:27"
333,"200/330","アクセサリー",1,"2019-09-28 13:53:24","2019-09-28 13:53:27"
334,"200/330","その他",NULL,"2019-09-28 13:53:24","2019-09-28 13:53:27"
335,"200","レッグウェア",NULL,"2019-09-28 13:53:24","2019-09-28 13:53:24"
336,"200/335","ソックス",NULL,"2019-09-28 13:53:24","2019-09-28 13:53:24"
337,"200/335","レギンス/スパッツ",NULL,"2019-09-28 13:53:24","2019-09-28 13:53:24"
338,"200/335","レッグウォーマー",NULL,"2019-09-28 13:53:24","2019-09-28 13:53:24"
339,"200/335","その他",NULL,"2019-09-28 13:53:24","2019-09-28 13:53:24"
340,"200","アンダーウェア",NULL,"2019-09-28 13:53:24","2019-09-28 13:53:24"
341,"200/340","トランクス",1,"2019-09-28 13:53:24","2019-09-28 13:53:27"
342,"200/340","ボクサーパンツ",1,"2019-09-28 13:53:24","2019-09-28 13:53:27"
343,"200/340","その他",NULL,"2019-09-28 13:53:24","2019-09-28 13:53:27"
344,"200","その他",NULL,"2019-09-28 13:53:24","2019-09-28 13:53:24"
345,NULL,"ベビー・キッズ",NULL,"2019-09-28 13:53:24","2019-09-28 13:53:24"
346,"345","ベビー服(女の子用)  ~95cm",NULL,"2019-09-28 13:53:24","2019-09-28 13:53:24"
347,"345/346","トップス",69,"2019-09-28 13:53:24","2019-09-28 13:53:27"
348,"345/346","アウター",69,"2019-09-28 13:53:24","2019-09-28 13:53:27"
349,"345/346","パンツ",69,"2019-09-28 13:53:24","2019-09-28 13:53:27"
350,"345/346","スカート",69,"2019-09-28 13:53:24","2019-09-28 13:53:27"
351,"345/346","ワンピース",69,"2019-09-28 13:53:24","2019-09-28 13:53:27"
352,"345/346","ベビードレス",69,"2019-09-28 13:53:24","2019-09-28 13:53:27"
353,"345/346","おくるみ",69,"2019-09-28 13:53:24","2019-09-28 13:53:27"
354,"345/346","下着/肌着",69,"2019-09-28 13:53:24","2019-09-28 13:53:27"
355,"345/346","パジャマ",69,"2019-09-28 13:53:24","2019-09-28 13:53:27"
356,"345/346","ロンパース",69,"2019-09-28 13:53:24","2019-09-28 13:53:27"
357,"345/346","その他",NULL,"2019-09-28 13:53:24","2019-09-28 13:53:27"
358,"345","ベビー服(男の子用)  ~95cm",NULL,"2019-09-28 13:53:24","2019-09-28 13:53:24"
359,"345/358","トップス",69,"2019-09-28 13:53:24","2019-09-28 13:53:27"
360,"345/358","アウター",69,"2019-09-28 13:53:24","2019-09-28 13:53:27"
361,"345/358","パンツ",69,"2019-09-28 13:53:24","2019-09-28 13:53:27"
362,"345/358","おくるみ",69,"2019-09-28 13:53:24","2019-09-28 13:53:27"
363,"345/358","下着/肌着",69,"2019-09-28 13:53:24","2019-09-28 13:53:27"
364,"345/358","パジャマ",69,"2019-09-28 13:53:24","2019-09-28 13:53:27"
365,"345/358","ロンパース",69,"2019-09-28 13:53:24","2019-09-28 13:53:27"
366,"345/358","その他",NULL,"2019-09-28 13:53:24","2019-09-28 13:53:27"
367,"345","ベビー服(男女兼用)  ~95cm",NULL,"2019-09-28 13:53:24","2019-09-28 13:53:24"
368,"345/367","トップス",69,"2019-09-28 13:53:24","2019-09-28 13:53:27"
369,"345/367","アウター",69,"2019-09-28 13:53:24","2019-09-28 13:53:27"
370,"345/367","パンツ",69,"2019-09-28 13:53:24","2019-09-28 13:53:27"
371,"345/367","おくるみ",69,"2019-09-28 13:53:24","2019-09-28 13:53:27"
372,"345/367","下着/肌着",69,"2019-09-28 13:53:24","2019-09-28 13:53:27"
373,"345/367","パジャマ",69,"2019-09-28 13:53:24","2019-09-28 13:53:27"
374,"345/367","ロンパース",69,"2019-09-28 13:53:24","2019-09-28 13:53:27"
375,"345/367","その他",NULL,"2019-09-28 13:53:24","2019-09-28 13:53:27"
376,"345","キッズ服(女の子用) 100cm~",NULL,"2019-09-28 13:53:24","2019-09-28 13:53:24"
377,"345/376","コート",52,"2019-09-28 13:53:24","2019-09-28 13:53:27"
378,"345/376","ジャケット/上着",52,"2019-09-28 13:53:24","2019-09-28 13:53:27"
379,"345/376","トップス(Tシャツ/カットソー)",52,"2019-09-28 13:53:24","2019-09-28 13:53:27"
380,"345/376","トップス(トレーナー)",52,"2019-09-28 13:53:24","2019-09-28 13:53:27"
381,"345/376","トップス(チュニック)",52,"2019-09-28 13:53:24","2019-09-28 13:53:27"
382,"345/376","トップス(タンクトップ)",52,"2019-09-28 13:53:24","2019-09-28 13:53:27"
383,"345/376","トップス(その他)",52,"2019-09-28 13:53:24","2019-09-28 13:53:27"
384,"345/376","スカート",52,"2019-09-28 13:53:24","2019-09-28 13:53:27"
385,"345/376","パンツ",52,"2019-09-28 13:53:24","2019-09-28 13:53:27"
386,"345/376","ワンピース",52,"2019-09-28 13:53:24","2019-09-28 13:53:27"
387,"345/376","セットアップ",52,"2019-09-28 13:53:24","2019-09-28 13:53:27"
388,"345/376","パジャマ",52,"2019-09-28 13:53:24","2019-09-28 13:53:27"
389,"345/376","フォーマル/ドレス",52,"2019-09-28 13:53:24","2019-09-28 13:53:27"
390,"345/376","和服",52,"2019-09-28 13:53:24","2019-09-28 13:53:27"
391,"345/376","浴衣",52,"2019-09-28 13:53:24","2019-09-28 13:53:27"
392,"345/376","甚平",52,"2019-09-28 13:53:24","2019-09-28 13:53:27"
393,"345/376","水着",52,"2019-09-28 13:53:24","2019-09-28 13:53:27"
394,"345/376","その他",NULL,"2019-09-28 13:53:24","2019-09-28 13:53:27"
395,"345","キッズ服(男の子用) 100cm~",NULL,"2019-09-28 13:53:24","2019-09-28 13:53:24"
396,"345/395","コート",52,"2019-09-28 13:53:24","2019-09-28 13:53:27"
397,"345/395","ジャケット/上着",52,"2019-09-28 13:53:24","2019-09-28 13:53:27"
398,"345/395","トップス(Tシャツ/カットソー)",52,"2019-09-28 13:53:24","2019-09-28 13:53:27"
399,"345/395","トップス(トレーナー)",52,"2019-09-28 13:53:24","2019-09-28 13:53:27"
400,"345/395","トップス(その他)",52,"2019-09-28 13:53:24","2019-09-28 13:53:27"
401,"345/395","パンツ",52,"2019-09-28 13:53:24","2019-09-28 13:53:27"
402,"345/395","セットアップ",52,"2019-09-28 13:53:24","2019-09-28 13:53:27"
403,"345/395","パジャマ",52,"2019-09-28 13:53:24","2019-09-28 13:53:27"
404,"345/395","フォーマル/ドレス",52,"2019-09-28 13:53:24","2019-09-28 13:53:27"
405,"345/395","和服",52,"2019-09-28 13:53:24","2019-09-28 13:53:27"
406,"345/395","浴衣",52,"2019-09-28 13:53:24","2019-09-28 13:53:27"
407,"345/395","甚平",52,"2019-09-28 13:53:24","2019-09-28 13:53:27"
408,"345/395","水着",52,"2019-09-28 13:53:24","2019-09-28 13:53:27"
409,"345/395","その他",NULL,"2019-09-28 13:53:24","2019-09-28 13:53:27"
410,"345","キッズ服(男女兼用) 100cm~",NULL,"2019-09-28 13:53:24","2019-09-28 13:53:24"
411,"345/410","コート",52,"2019-09-28 13:53:24","2019-09-28 13:53:27"
412,"345/410","ジャケット/上着",52,"2019-09-28 13:53:24","2019-09-28 13:53:27"
413,"345/410","トップス(Tシャツ/カットソー)",52,"2019-09-28 13:53:24","2019-09-28 13:53:27"
414,"345/410","トップス(トレーナー)",52,"2019-09-28 13:53:24","2019-09-28 13:53:27"
415,"345/410","トップス(その他)",52,"2019-09-28 13:53:24","2019-09-28 13:53:27"
416,"345/410","ボトムス",52,"2019-09-28 13:53:24","2019-09-28 13:53:27"
417,"345/410","パジャマ",52,"2019-09-28 13:53:24","2019-09-28 13:53:27"
418,"345/410","その他",NULL,"2019-09-28 13:53:24","2019-09-28 13:53:27"
419,"345","キッズ靴",NULL,"2019-09-28 13:53:24","2019-09-28 13:53:24"
420,"345/419","スニーカー",60,"2019-09-28 13:53:24","2019-09-28 13:53:27"
421,"345/419","サンダル",60,"2019-09-28 13:53:24","2019-09-28 13:53:27"
422,"345/419","ブーツ",60,"2019-09-28 13:53:24","2019-09-28 13:53:27"
423,"345/419","長靴",60,"2019-09-28 13:53:24","2019-09-28 13:53:27"
424,"345/419","その他",NULL,"2019-09-28 13:53:24","2019-09-28 13:53:27"
425,"345","子ども用ファッション小物",NULL,"2019-09-28 13:53:24","2019-09-28 13:53:24"
426,"345/425","靴下/スパッツ",NULL,"2019-09-28 13:53:24","2019-09-28 13:53:24"
427,"345/425","帽子",NULL,"2019-09-28 13:53:24","2019-09-28 13:53:24"
428,"345/425","エプロン",NULL,"2019-09-28 13:53:24","2019-09-28 13:53:24"
429,"345/425","サスペンダー",NULL,"2019-09-28 13:53:24","2019-09-28 13:53:24"
430,"345/425","タイツ",NULL,"2019-09-28 13:53:24","2019-09-28 13:53:24"
431,"345/425","ハンカチ",NULL,"2019-09-28 13:53:24","2019-09-28 13:53:24"
432,"345/425","バンダナ",NULL,"2019-09-28 13:53:24","2019-09-28 13:53:24"
433,"345/425","ベルト",NULL,"2019-09-28 13:53:24","2019-09-28 13:53:24"
434,"345/425","マフラー",NULL,"2019-09-28 13:53:24","2019-09-28 13:53:24"
435,"345/425","傘",NULL,"2019-09-28 13:53:24","2019-09-28 13:53:24"
436,"345/425","手袋",NULL,"2019-09-28 13:53:24","2019-09-28 13:53:24"
437,"345/425","スタイ",NULL,"2019-09-28 13:53:24","2019-09-28 13:53:24"
438,"345/425","バッグ",NULL,"2019-09-28 13:53:24","2019-09-28 13:53:24"
439,"345/425","その他",NULL,"2019-09-28 13:53:24","2019-09-28 13:53:24"
440,"345","おむつ/トイレ/バス",NULL,"2019-09-28 13:53:24","2019-09-28 13:53:24"
441,"345/440","おむつ用品",NULL,"2019-09-28 13:53:24","2019-09-28 13:53:24"
442,"345/440","おまる/補助便座",NULL,"2019-09-28 13:53:24","2019-09-28 13:53:24"
443,"345/440","トレーニングパンツ",NULL,"2019-09-28 13:53:24","2019-09-28 13:53:24"
444,"345/440","ベビーバス",NULL,"2019-09-28 13:53:24","2019-09-28 13:53:24"
445,"345/440","お風呂用品",NULL,"2019-09-28 13:53:24","2019-09-28 13:53:24"
446,"345/440","その他",NULL,"2019-09-28 13:53:24","2019-09-28 13:53:24"
447,"345","外出/移動用品",NULL,"2019-09-28 13:53:24","2019-09-28 13:53:24"
448,"345/447","ベビーカー",NULL,"2019-09-28 13:53:24","2019-09-28 13:53:24"
449,"345/447","抱っこひも/スリング",NULL,"2019-09-28 13:53:24","2019-09-28 13:53:24"
450,"345/447","チャイルドシート",NULL,"2019-09-28 13:53:24","2019-09-28 13:53:24"
451,"345/447","その他",NULL,"2019-09-28 13:53:24","2019-09-28 13:53:24"
452,"345","授乳/食事",NULL,"2019-09-28 13:53:24","2019-09-28 13:53:24"
453,"345/452","ミルク",NULL,"2019-09-28 13:53:24","2019-09-28 13:53:24"
454,"345/452","ベビーフード",NULL,"2019-09-28 13:53:24","2019-09-28 13:53:24"
455,"345/452","ベビー用食器",NULL,"2019-09-28 13:53:24","2019-09-28 13:53:24"
456,"345/452","その他",NULL,"2019-09-28 13:53:24","2019-09-28 13:53:24"
457,"345","ベビー家具/寝具/室内用品",NULL,"2019-09-28 13:53:24","2019-09-28 13:53:24"
458,"345/457","ベッド",NULL,"2019-09-28 13:53:24","2019-09-28 13:53:24"
459,"345/457","布団/毛布",NULL,"2019-09-28 13:53:24","2019-09-28 13:53:24"
460,"345/457","イス",NULL,"2019-09-28 13:53:24","2019-09-28 13:53:24"
461,"345/457","たんす",NULL,"2019-09-28 13:53:24","2019-09-28 13:53:24"
462,"345/457","その他",NULL,"2019-09-28 13:53:24","2019-09-28 13:53:24"
463,"345","おもちゃ",NULL,"2019-09-28 13:53:24","2019-09-28 13:53:24"
464,"345/463","おふろのおもちゃ",NULL,"2019-09-28 13:53:24","2019-09-28 13:53:24"
465,"345/463","がらがら",NULL,"2019-09-28 13:53:24","2019-09-28 13:53:24"
466,"345/463","オルゴール",NULL,"2019-09-28 13:53:24","2019-09-28 13:53:24"
467,"345/463","ベビージム",NULL,"2019-09-28 13:53:24","2019-09-28 13:53:24"
468,"345/463","手押し車/カタカタ",NULL,"2019-09-28 13:53:24","2019-09-28 13:53:24"
469,"345/463","知育玩具",NULL,"2019-09-28 13:53:24","2019-09-28 13:53:24"
470,"345/463","その他",NULL,"2019-09-28 13:53:24","2019-09-28 13:53:24"
471,"345","行事/記念品",NULL,"2019-09-28 13:53:24","2019-09-28 13:53:24"
472,"345/471","お宮参り用品",NULL,"2019-09-28 13:53:24","2019-09-28 13:53:24"
473,"345/471","お食い初め用品",NULL,"2019-09-28 13:53:24","2019-09-28 13:53:24"
474,"345/471","アルバム",NULL,"2019-09-28 13:53:24","2019-09-28 13:53:24"
475,"345/471","手形/足形",NULL,"2019-09-28 13:53:24","2019-09-28 13:53:24"
476,"345/471","その他",NULL,"2019-09-28 13:53:24","2019-09-28 13:53:24"
477,"345","その他",NULL,"2019-09-28 13:53:24","2019-09-28 13:53:24"
478,"345/477","母子手帳用品",NULL,"2019-09-28 13:53:24","2019-09-28 13:53:24"
479,"345/477","その他",NULL,"2019-09-28 13:53:24","2019-09-28 13:53:24"
480,NULL,"インテリア・住まい・小物",NULL,"2019-09-28 13:53:24","2019-09-28 13:53:24"
481,"480","キッチン/食器",NULL,"2019-09-28 13:53:24","2019-09-28 13:53:24"
482,"480/481","食器",NULL,"2019-09-28 13:53:24","2019-09-28 13:53:24"
483,"480/481","調理器具",NULL,"2019-09-28 13:53:24","2019-09-28 13:53:24"
484,"480/481","収納/キッチン雑貨",NULL,"2019-09-28 13:53:24","2019-09-28 13:53:24"
485,"480/481","弁当用品",NULL,"2019-09-28 13:53:24","2019-09-28 13:53:24"
486,"480/481","カトラリー(スプーン等)",NULL,"2019-09-28 13:53:24","2019-09-28 13:53:24"
487,"480/481","テーブル用品",NULL,"2019-09-28 13:53:24","2019-09-28 13:53:24"
488,"480/481","容器",NULL,"2019-09-28 13:53:24","2019-09-28 13:53:24"
489,"480/481","エプロン",NULL,"2019-09-28 13:53:24","2019-09-28 13:53:24"
490,"480/481","アルコールグッズ",NULL,"2019-09-28 13:53:24","2019-09-28 13:53:24"
491,"480/481","浄水機",NULL,"2019-09-28 13:53:24","2019-09-28 13:53:24"
492,"480/481","その他",NULL,"2019-09-28 13:53:24","2019-09-28 13:53:24"
493,"480","ベッド/マットレス",NULL,"2019-09-28 13:53:24","2019-09-28 13:53:24"
494,"480/493","セミシングルベッド",NULL,"2019-09-28 13:53:24","2019-09-28 13:53:24"
495,"480/493","シングルベッド",NULL,"2019-09-28 13:53:24","2019-09-28 13:53:24"
496,"480/493","セミダブルベッド",NULL,"2019-09-28 13:53:24","2019-09-28 13:53:24"
497,"480/493","ダブルベッド",NULL,"2019-09-28 13:53:24","2019-09-28 13:53:24"
498,"480/493","ワイドダブルベッド",NULL,"2019-09-28 13:53:24","2019-09-28 13:53:24"
499,"480/493","クイーンベッド",NULL,"2019-09-28 13:53:24","2019-09-28 13:53:24"
500,"480/493","キングベッド",NULL,"2019-09-28 13:53:24","2019-09-28 13:53:24"
501,"480/493","脚付きマットレスベッド",NULL,"2019-09-28 13:53:24","2019-09-28 13:53:24"
502,"480/493","マットレス",NULL,"2019-09-28 13:53:24","2019-09-28 13:53:24"
503,"480/493","すのこベッド",NULL,"2019-09-28 13:53:24","2019-09-28 13:53:24"
504,"480/493","ロフトベッド/システムベッド",NULL,"2019-09-28 13:53:24","2019-09-28 13:53:24"
505,"480/493","簡易ベッド/折りたたみベッド",NULL,"2019-09-28 13:53:24","2019-09-28 13:53:24"
506,"480/493","収納付き",NULL,"2019-09-28 13:53:24","2019-09-28 13:53:24"
507,"480/493","その他",NULL,"2019-09-28 13:53:24","2019-09-28 13:53:24"
508,"480","ソファ/ソファベッド",NULL,"2019-09-28 13:53:24","2019-09-28 13:53:24"
509,"480/508","ソファセット",NULL,"2019-09-28 13:53:24","2019-09-28 13:53:24"
510,"480/508","シングルソファ",NULL,"2019-09-28 13:53:24","2019-09-28 13:53:24"
511,"480/508","ラブソファ",NULL,"2019-09-28 13:53:24","2019-09-28 13:53:24"
512,"480/508","トリプルソファ",NULL,"2019-09-28 13:53:24","2019-09-28 13:53:24"
513,"480/508","オットマン",NULL,"2019-09-28 13:53:24","2019-09-28 13:53:24"
514,"480/508","コーナーソファ",NULL,"2019-09-28 13:53:24","2019-09-28 13:53:24"
515,"480/508","ビーズソファ/クッションソファ",NULL,"2019-09-28 13:53:24","2019-09-28 13:53:24"
516,"480/508","ローソファ/フロアソファ",NULL,"2019-09-28 13:53:24","2019-09-28 13:53:24"
517,"480/508","ソファベッド",NULL,"2019-09-28 13:53:24","2019-09-28 13:53:24"
518,"480/508","応接セット",NULL,"2019-09-28 13:53:24","2019-09-28 13:53:24"
519,"480/508","ソファカバー",NULL,"2019-09-28 13:53:24","2019-09-28 13:53:24"
520,"480/508","リクライニングソファ",NULL,"2019-09-28 13:53:24","2019-09-28 13:53:24"
521,"480/508","その他",NULL,"2019-09-28 13:53:24","2019-09-28 13:53:24"
522,"480","椅子/チェア",NULL,"2019-09-28 13:53:24","2019-09-28 13:53:24"
523,"480/522","一般",NULL,"2019-09-28 13:53:24","2019-09-28 13:53:24"
524,"480/522","スツール",NULL,"2019-09-28 13:53:24","2019-09-28 13:53:24"
525,"480/522","ダイニングチェア",NULL,"2019-09-28 13:53:24","2019-09-28 13:53:24"
526,"480/522","ハイバックチェア",NULL,"2019-09-28 13:53:24","2019-09-28 13:53:24"
527,"480/522","ロッキングチェア",NULL,"2019-09-28 13:53:24","2019-09-28 13:53:24"
528,"480/522","座椅子",NULL,"2019-09-28 13:53:24","2019-09-28 13:53:24"
529,"480/522","折り畳みイス",NULL,"2019-09-28 13:53:24","2019-09-28 13:53:24"
530,"480/522","デスクチェア",NULL,"2019-09-28 13:53:24","2019-09-28 13:53:24"
531,"480/522","その他",NULL,"2019-09-28 13:53:24","2019-09-28 13:53:24"
532,"480","机/テーブル",NULL,"2019-09-28 13:53:24","2019-09-28 13:53:24"
533,"480/532","こたつ",NULL,"2019-09-28 13:53:24","2019-09-28 13:53:24"
534,"480/532","カウンターテーブル",NULL,"2019-09-28 13:53:24","2019-09-28 13:53:24"
535,"480/532","サイドテーブル",NULL,"2019-09-28 13:53:24","2019-09-28 13:53:24"
536,"480/532","センターテーブル",NULL,"2019-09-28 13:53:24","2019-09-28 13:53:24"
537,"480/532","ダイニングテーブル",NULL,"2019-09-28 13:53:24","2019-09-28 13:53:24"
538,"480/532","座卓/ちゃぶ台",NULL,"2019-09-28 13:53:24","2019-09-28 13:53:24"
539,"480/532","アウトドア用",NULL,"2019-09-28 13:53:24","2019-09-28 13:53:24"
540,"480/532","パソコン用",NULL,"2019-09-28 13:53:24","2019-09-28 13:53:24"
541,"480/532","事務机/学習机",NULL,"2019-09-28 13:53:24","2019-09-28 13:53:24"
542,"480/532","その他",NULL,"2019-09-28 13:53:24","2019-09-28 13:53:24"
543,"480","収納家具",NULL,"2019-09-28 13:53:24","2019-09-28 13:53:24"
544,"480/543","リビング収納",NULL,"2019-09-28 13:53:24","2019-09-28 13:53:24"
545,"480/543","キッチン収納",NULL,"2019-09-28 13:53:24","2019-09-28 13:53:24"
546,"480/543","玄関/屋外収納",NULL,"2019-09-28 13:53:24","2019-09-28 13:53:24"
547,"480/543","バス/トイレ収納",NULL,"2019-09-28 13:53:24","2019-09-28 13:53:24"
548,"480/543","本収納",NULL,"2019-09-28 13:53:24","2019-09-28 13:53:24"
549,"480/543","本/CD/DVD収納",NULL,"2019-09-28 13:53:24","2019-09-28 13:53:24"
550,"480/543","洋服タンス/押入れ収納",NULL,"2019-09-28 13:53:24","2019-09-28 13:53:24"
551,"480/543","電話台/ファックス台",NULL,"2019-09-28 13:53:24","2019-09-28 13:53:24"
552,"480/543","ドレッサー/鏡台",NULL,"2019-09-28 13:53:24","2019-09-28 13:53:24"
553,"480/543","棚/ラック",NULL,"2019-09-28 13:53:24","2019-09-28 13:53:24"
554,"480/543","ケース/ボックス",NULL,"2019-09-28 13:53:24","2019-09-28 13:53:24"
555,"480/543","その他",NULL,"2019-09-28 13:53:24","2019-09-28 13:53:24"
556,"480","ラグ/カーペット/マット",NULL,"2019-09-28 13:53:24","2019-09-28 13:53:24"
557,"480/556","ラグ",NULL,"2019-09-28 13:53:24","2019-09-28 13:53:24"
558,"480/556","カーペット",NULL,"2019-09-28 13:53:24","2019-09-28 13:53:24"
559,"480/556","ホットカーペット",NULL,"2019-09-28 13:53:24","2019-09-28 13:53:24"
560,"480/556","玄関/キッチンマット",NULL,"2019-09-28 13:53:24","2019-09-28 13:53:24"
561,"480/556","トイレ/バスマット",NULL,"2019-09-28 13:53:24","2019-09-28 13:53:24"
562,"480/556","その他",NULL,"2019-09-28 13:53:24","2019-09-28 13:53:24"
563,"480","カーテン/ブラインド",NULL,"2019-09-28 13:53:24","2019-09-28 13:53:24"
564,"480/563","カーテン",NULL,"2019-09-28 13:53:24","2019-09-28 13:53:24"
565,"480/563","ブラインド",NULL,"2019-09-28 13:53:24","2019-09-28 13:53:24"
566,"480/563","ロールスクリーン",NULL,"2019-09-28 13:53:24","2019-09-28 13:53:24"
567,"480/563","のれん",NULL,"2019-09-28 13:53:24","2019-09-28 13:53:24"
568,"480/563","その他",NULL,"2019-09-28 13:53:24","2019-09-28 13:53:24"
569,"480","ライト/照明",NULL,"2019-09-28 13:53:24","2019-09-28 13:53:24"
570,"480/569","蛍光灯/電球",NULL,"2019-09-28 13:53:24","2019-09-28 13:53:24"
571,"480/569","天井照明",NULL,"2019-09-28 13:53:24","2019-09-28 13:53:24"
572,"480/569","フロアスタンド",NULL,"2019-09-28 13:53:24","2019-09-28 13:53:24"
573,"480/569","その他",NULL,"2019-09-28 13:53:24","2019-09-28 13:53:24"
574,"480","寝具",NULL,"2019-09-28 13:53:24","2019-09-28 13:53:24"
575,"480/574","布団/毛布",NULL,"2019-09-28 13:53:24","2019-09-28 13:53:24"
576,"480/574","枕",NULL,"2019-09-28 13:53:24","2019-09-28 13:53:24"
577,"480/574","シーツ/カバー",NULL,"2019-09-28 13:53:24","2019-09-28 13:53:24"
578,"480/574","その他",NULL,"2019-09-28 13:53:24","2019-09-28 13:53:24"
579,"480","インテリア小物",NULL,"2019-09-28 13:53:24","2019-09-28 13:53:24"
580,"480/579","ごみ箱",NULL,"2019-09-28 13:53:24","2019-09-28 13:53:24"
581,"480/579","ウェルカムボード",NULL,"2019-09-28 13:53:24","2019-09-28 13:53:24"
582,"480/579","オルゴール",NULL,"2019-09-28 13:53:24","2019-09-28 13:53:24"
583,"480/579","クッション",NULL,"2019-09-28 13:53:24","2019-09-28 13:53:24"
584,"480/579","クッションカバー",NULL,"2019-09-28 13:53:24","2019-09-28 13:53:24"
585,"480/579","スリッパラック",NULL,"2019-09-28 13:53:24","2019-09-28 13:53:24"
586,"480/579","ティッシュボックス",NULL,"2019-09-28 13:53:24","2019-09-28 13:53:24"
587,"480/579","バスケット/かご",NULL,"2019-09-28 13:53:24","2019-09-28 13:53:24"
588,"480/579","フォトフレーム",NULL,"2019-09-28 13:53:24","2019-09-28 13:53:24"
589,"480/579","マガジンラック",NULL,"2019-09-28 13:53:24","2019-09-28 13:53:24"
590,"480/579","モビール",NULL,"2019-09-28 13:53:24","2019-09-28 13:53:24"
591,"480/579","花瓶",NULL,"2019-09-28 13:53:24","2019-09-28 13:53:24"
592,"480/579","灰皿",NULL,"2019-09-28 13:53:24","2019-09-28 13:53:24"
593,"480/579","傘立て",NULL,"2019-09-28 13:53:24","2019-09-28 13:53:24"
594,"480/579","小物入れ",NULL,"2019-09-28 13:53:24","2019-09-28 13:53:24"
595,"480/579","置時計",NULL,"2019-09-28 13:53:24","2019-09-28 13:53:24"
596,"480/579","掛時計/柱時計",NULL,"2019-09-28 13:53:24","2019-09-28 13:53:24"
597,"480/579","鏡(立て掛け式)",NULL,"2019-09-28 13:53:24","2019-09-28 13:53:24"
598,"480/579","鏡(壁掛け式)",NULL,"2019-09-28 13:53:24","2019-09-28 13:53:24"
599,"480/579","置物",NULL,"2019-09-28 13:53:24","2019-09-28 13:53:24"
600,"480/579","風鈴",NULL,"2019-09-28 13:53:24","2019-09-28 13:53:24"
601,"480/579","植物/観葉植物",NULL,"2019-09-28 13:53:24","2019-09-28 13:53:24"
602,"480/579","その他",NULL,"2019-09-28 13:53:24","2019-09-28 13:53:24"
603,"480","季節/年中行事",NULL,"2019-09-28 13:53:24","2019-09-28 13:53:24"
604,"480/603","正月",NULL,"2019-09-28 13:53:24","2019-09-28 13:53:24"
605,"480/603","成人式",NULL,"2019-09-28 13:53:24","2019-09-28 13:53:24"
606,"480/603","バレンタインデー",NULL,"2019-09-28 13:53:24","2019-09-28 13:53:24"
607,"480/603","ひな祭り",NULL,"2019-09-28 13:53:24","2019-09-28 13:53:24"
608,"480/603","子どもの日",NULL,"2019-09-28 13:53:24","2019-09-28 13:53:24"
609,"480/603","母の日",NULL,"2019-09-28 13:53:24","2019-09-28 13:53:24"
610,"480/603","父の日",NULL,"2019-09-28 13:53:24","2019-09-28 13:53:24"
611,"480/603","サマーギフト/お中元",NULL,"2019-09-28 13:53:24","2019-09-28 13:53:24"
612,"480/603","夏/夏休み",NULL,"2019-09-28 13:53:24","2019-09-28 13:53:24"
613,"480/603","ハロウィン",NULL,"2019-09-28 13:53:24","2019-09-28 13:53:24"
614,"480/603","敬老の日",NULL,"2019-09-28 13:53:24","2019-09-28 13:53:24"
615,"480/603","七五三",NULL,"2019-09-28 13:53:24","2019-09-28 13:53:24"
616,"480/603","お歳暮",NULL,"2019-09-28 13:53:24","2019-09-28 13:53:24"
617,"480/603","クリスマス",NULL,"2019-09-28 13:53:24","2019-09-28 13:53:24"
618,"480/603","冬一般",NULL,"2019-09-28 13:53:24","2019-09-28 13:53:24"
619,"480/603","その他",NULL,"2019-09-28 13:53:24","2019-09-28 13:53:24"
620,"480","その他",NULL,"2019-09-28 13:53:24","2019-09-28 13:53:24"
621,NULL,"本・音楽・ゲーム",NULL,"2019-09-28 13:53:24","2019-09-28 13:53:24"
622,"621","本",NULL,"2019-09-28 13:53:24","2019-09-28 13:53:24"
623,"621/622","文学/小説",NULL,"2019-09-28 13:53:24","2019-09-28 13:53:24"
624,"621/622","人文/社会",NULL,"2019-09-28 13:53:24","2019-09-28 13:53:24"
625,"621/622","ノンフィクション/教養",NULL,"2019-09-28 13:53:24","2019-09-28 13:53:24"
626,"621/622","地図/旅行ガイド",NULL,"2019-09-28 13:53:24","2019-09-28 13:53:24"
627,"621/622","ビジネス/経済",NULL,"2019-09-28 13:53:24","2019-09-28 13:53:24"
628,"621/622","健康/医学",NULL,"2019-09-28 13:53:24","2019-09-28 13:53:24"
629,"621/622","コンピュータ/IT",NULL,"2019-09-28 13:53:24","2019-09-28 13:53:24"
630,"621/622","趣味/スポーツ/実用",NULL,"2019-09-28 13:53:24","2019-09-28 13:53:24"
631,"621/622","住まい/暮らし/子育て",NULL,"2019-09-28 13:53:24","2019-09-28 13:53:24"
632,"621/622","アート/エンタメ",NULL,"2019-09-28 13:53:24","2019-09-28 13:53:24"
633,"621/622","洋書",NULL,"2019-09-28 13:53:24","2019-09-28 13:53:24"
634,"621/622","絵本",NULL,"2019-09-28 13:53:24","2019-09-28 13:53:24"
635,"621/622","参考書",NULL,"2019-09-28 13:53:24","2019-09-28 13:53:24"
636,"621/622","その他",NULL,"2019-09-28 13:53:24","2019-09-28 13:53:24"
637,"621","漫画",NULL,"2019-09-28 13:53:24","2019-09-28 13:53:24"
638,"621/637","全巻セット",NULL,"2019-09-28 13:53:24","2019-09-28 13:53:24"
639,"621/637","少年漫画",NULL,"2019-09-28 13:53:24","2019-09-28 13:53:24"
640,"621/637","少女漫画",NULL,"2019-09-28 13:53:24","2019-09-28 13:53:24"
641,"621/637","青年漫画",NULL,"2019-09-28 13:53:24","2019-09-28 13:53:24"
642,"621/637","女性漫画",NULL,"2019-09-28 13:53:24","2019-09-28 13:53:24"
643,"621/637","同人誌",NULL,"2019-09-28 13:53:24","2019-09-28 13:53:24"
644,"621/637","その他",NULL,"2019-09-28 13:53:24","2019-09-28 13:53:24"
645,"621","雑誌",NULL,"2019-09-28 13:53:24","2019-09-28 13:53:24"
646,"621/645","アート/エンタメ/ホビー",NULL,"2019-09-28 13:53:24","2019-09-28 13:53:24"
647,"621/645","ファッション",NULL,"2019-09-28 13:53:24","2019-09-28 13:53:24"
648,"621/645","ニュース/総合",NULL,"2019-09-28 13:53:24","2019-09-28 13:53:24"
649,"621/645","趣味/スポーツ",NULL,"2019-09-28 13:53:24","2019-09-28 13:53:24"
650,"621/645","その他",NULL,"2019-09-28 13:53:24","2019-09-28 13:53:24"
651,"621","CD",NULL,"2019-09-28 13:53:24","2019-09-28 13:53:24"
652,"621/651","邦楽",NULL,"2019-09-28 13:53:24","2019-09-28 13:53:24"
653,"621/651","洋楽",NULL,"2019-09-28 13:53:24","2019-09-28 13:53:24"
654,"621/651","アニメ",NULL,"2019-09-28 13:53:24","2019-09-28 13:53:24"
655,"621/651","クラシック",NULL,"2019-09-28 13:53:24","2019-09-28 13:53:24"
656,"621/651","K-POP/アジア",NULL,"2019-09-28 13:53:24","2019-09-28 13:53:24"
657,"621/651","キッズ/ファミリー",NULL,"2019-09-28 13:53:24","2019-09-28 13:53:24"
658,"621/651","その他",NULL,"2019-09-28 13:53:24","2019-09-28 13:53:24"
659,"621","DVD/ブルーレイ",NULL,"2019-09-28 13:53:24","2019-09-28 13:53:24"
660,"621/659","外国映画",NULL,"2019-09-28 13:53:24","2019-09-28 13:53:24"
661,"621/659","日本映画",NULL,"2019-09-28 13:53:24","2019-09-28 13:53:24"
662,"621/659","アニメ",NULL,"2019-09-28 13:53:24","2019-09-28 13:53:24"
663,"621/659","TVドラマ",NULL,"2019-09-28 13:53:24","2019-09-28 13:53:24"
664,"621/659","ミュージック",NULL,"2019-09-28 13:53:24","2019-09-28 13:53:24"
665,"621/659","お笑い/バラエティ",NULL,"2019-09-28 13:53:24","2019-09-28 13:53:24"
666,"621/659","スポーツ/フィットネス",NULL,"2019-09-28 13:53:24","2019-09-28 13:53:24"
667,"621/659","キッズ/ファミリー",NULL,"2019-09-28 13:53:24","2019-09-28 13:53:24"
668,"621/659","その他",NULL,"2019-09-28 13:53:24","2019-09-28 13:53:24"
669,"621","レコード",NULL,"2019-09-28 13:53:24","2019-09-28 13:53:24"
670,"621/669","邦楽",NULL,"2019-09-28 13:53:24","2019-09-28 13:53:24"
671,"621/669","洋楽",NULL,"2019-09-28 13:53:24","2019-09-28 13:53:24"
672,"621/669","その他",NULL,"2019-09-28 13:53:24","2019-09-28 13:53:24"
673,"621","テレビゲーム",NULL,"2019-09-28 13:53:24","2019-09-28 13:53:24"
674,"621/673","家庭用ゲーム本体",NULL,"2019-09-28 13:53:24","2019-09-28 13:53:24"
675,"621/673","家庭用ゲームソフト",NULL,"2019-09-28 13:53:24","2019-09-28 13:53:24"
676,"621/673","携帯用ゲーム本体",NULL,"2019-09-28 13:53:24","2019-09-28 13:53:24"
677,"621/673","携帯用ゲームソフト",NULL,"2019-09-28 13:53:24","2019-09-28 13:53:24"
678,"621/673","PCゲーム",NULL,"2019-09-28 13:53:24","2019-09-28 13:53:24"
679,"621/673","その他",NULL,"2019-09-28 13:53:24","2019-09-28 13:53:24"
680,NULL,"おもちゃ・ホビー・グッズ",NULL,"2019-09-28 13:53:24","2019-09-28 13:53:24"
681,"680","おもちゃ",NULL,"2019-09-28 13:53:24","2019-09-28 13:53:24"
682,"680/681","キャラクターグッズ",NULL,"2019-09-28 13:53:24","2019-09-28 13:53:24"
683,"680/681","ぬいぐるみ",NULL,"2019-09-28 13:53:24","2019-09-28 13:53:24"
684,"680/681","小物/アクセサリー",NULL,"2019-09-28 13:53:24","2019-09-28 13:53:24"
685,"680/681","模型/プラモデル",NULL,"2019-09-28 13:53:24","2019-09-28 13:53:24"
686,"680/681","ミニカー",NULL,"2019-09-28 13:53:24","2019-09-28 13:53:24"
687,"680/681","トイラジコン",NULL,"2019-09-28 13:53:24","2019-09-28 13:53:24"
688,"680/681","プラモデル",NULL,"2019-09-28 13:53:25","2019-09-28 13:53:25"
689,"680/681","ホビーラジコン",NULL,"2019-09-28 13:53:25","2019-09-28 13:53:25"
690,"680/681","鉄道模型",NULL,"2019-09-28 13:53:25","2019-09-28 13:53:25"
691,"680/681","その他",NULL,"2019-09-28 13:53:25","2019-09-28 13:53:25"
692,"680","タレントグッズ",NULL,"2019-09-28 13:53:25","2019-09-28 13:53:25"
693,"680/692","アイドル",NULL,"2019-09-28 13:53:25","2019-09-28 13:53:25"
694,"680/692","ミュージシャン",NULL,"2019-09-28 13:53:25","2019-09-28 13:53:25"
695,"680/692","タレント/お笑い芸人",NULL,"2019-09-28 13:53:25","2019-09-28 13:53:25"
696,"680/692","スポーツ選手",NULL,"2019-09-28 13:53:25","2019-09-28 13:53:25"
697,"680/692","その他",NULL,"2019-09-28 13:53:25","2019-09-28 13:53:25"
698,"680","コミック/アニメグッズ",NULL,"2019-09-28 13:53:25","2019-09-28 13:53:25"
699,"680/698","ストラップ",NULL,"2019-09-28 13:53:25","2019-09-28 13:53:25"
700,"680/698","キーホルダー",NULL,"2019-09-28 13:53:25","2019-09-28 13:53:25"
701,"680/698","バッジ",NULL,"2019-09-28 13:53:25","2019-09-28 13:53:25"
702,"680/698","カード",NULL,"2019-09-28 13:53:25","2019-09-28 13:53:25"
703,"680/698","クリアファイル",NULL,"2019-09-28 13:53:25","2019-09-28 13:53:25"
704,"680/698","ポスター",NULL,"2019-09-28 13:53:25","2019-09-28 13:53:25"
705,"680/698","タオル",NULL,"2019-09-28 13:53:25","2019-09-28 13:53:25"
706,"680/698","その他",NULL,"2019-09-28 13:53:25","2019-09-28 13:53:25"
707,"680","トレーディングカード",NULL,"2019-09-28 13:53:25","2019-09-28 13:53:25"
708,"680/707","遊戯王",NULL,"2019-09-28 13:53:25","2019-09-28 13:53:25"
709,"680/707","マジック：ザ・ギャザリング",NULL,"2019-09-28 13:53:25","2019-09-28 13:53:25"
710,"680/707","ポケモンカードゲーム",NULL,"2019-09-28 13:53:25","2019-09-28 13:53:25"
711,"680/707","デュエルマスターズ",NULL,"2019-09-28 13:53:25","2019-09-28 13:53:25"
712,"680/707","バトルスピリッツ",NULL,"2019-09-28 13:53:25","2019-09-28 13:53:25"
713,"680/707","プリパラ",NULL,"2019-09-28 13:53:25","2019-09-28 13:53:25"
714,"680/707","アイカツ",NULL,"2019-09-28 13:53:25","2019-09-28 13:53:25"
715,"680/707","カードファイト!! ヴァンガード",NULL,"2019-09-28 13:53:25","2019-09-28 13:53:25"
716,"680/707","ヴァイスシュヴァルツ",NULL,"2019-09-28 13:53:25","2019-09-28 13:53:25"
717,"680/707","プロ野球オーナーズリーグ",NULL,"2019-09-28 13:53:25","2019-09-28 13:53:25"
718,"680/707","ベースボールヒーローズ",NULL,"2019-09-28 13:53:25","2019-09-28 13:53:25"
719,"680/707","ドラゴンボール",NULL,"2019-09-28 13:53:25","2019-09-28 13:53:25"
720,"680/707","スリーブ",NULL,"2019-09-28 13:53:25","2019-09-28 13:53:25"
721,"680/707","その他",NULL,"2019-09-28 13:53:25","2019-09-28 13:53:25"
722,"680","フィギュア",NULL,"2019-09-28 13:53:25","2019-09-28 13:53:25"
723,"680/722","コミック/アニメ",NULL,"2019-09-28 13:53:25","2019-09-28 13:53:25"
724,"680/722","特撮",NULL,"2019-09-28 13:53:25","2019-09-28 13:53:25"
725,"680/722","ゲームキャラクター",NULL,"2019-09-28 13:53:25","2019-09-28 13:53:25"
726,"680/722","SF/ファンタジー/ホラー",NULL,"2019-09-28 13:53:25","2019-09-28 13:53:25"
727,"680/722","アメコミ",NULL,"2019-09-28 13:53:25","2019-09-28 13:53:25"
728,"680/722","スポーツ",NULL,"2019-09-28 13:53:25","2019-09-28 13:53:25"
729,"680/722","ミリタリー",NULL,"2019-09-28 13:53:25","2019-09-28 13:53:25"
730,"680/722","その他",NULL,"2019-09-28 13:53:25","2019-09-28 13:53:25"
731,"680","楽器/器材",NULL,"2019-09-28 13:53:25","2019-09-28 13:53:25"
732,"680/731","エレキギター",NULL,"2019-09-28 13:53:25","2019-09-28 13:53:25"
733,"680/731","アコースティックギター",NULL,"2019-09-28 13:53:25","2019-09-28 13:53:25"
734,"680/731","ベース",NULL,"2019-09-28 13:53:25","2019-09-28 13:53:25"
735,"680/731","エフェクター",NULL,"2019-09-28 13:53:25","2019-09-28 13:53:25"
736,"680/731","アンプ",NULL,"2019-09-28 13:53:25","2019-09-28 13:53:25"
737,"680/731","弦楽器",NULL,"2019-09-28 13:53:25","2019-09-28 13:53:25"
738,"680/731","管楽器",NULL,"2019-09-28 13:53:25","2019-09-28 13:53:25"
739,"680/731","鍵盤楽器",NULL,"2019-09-28 13:53:25","2019-09-28 13:53:25"
740,"680/731","打楽器",NULL,"2019-09-28 13:53:25","2019-09-28 13:53:25"
741,"680/731","和楽器",NULL,"2019-09-28 13:53:25","2019-09-28 13:53:25"
742,"680/731","楽譜/スコア",NULL,"2019-09-28 13:53:25","2019-09-28 13:53:25"
743,"680/731","レコーディング/PA機器",NULL,"2019-09-28 13:53:25","2019-09-28 13:53:25"
744,"680/731","DJ機器",NULL,"2019-09-28 13:53:25","2019-09-28 13:53:25"
745,"680/731","DTM/DAW",NULL,"2019-09-28 13:53:25","2019-09-28 13:53:25"
746,"680/731","その他",NULL,"2019-09-28 13:53:25","2019-09-28 13:53:25"
747,"680","コレクション",NULL,"2019-09-28 13:53:25","2019-09-28 13:53:25"
748,"680/747","武具",NULL,"2019-09-28 13:53:25","2019-09-28 13:53:25"
749,"680/747","使用済切手/官製はがき",NULL,"2019-09-28 13:53:25","2019-09-28 13:53:25"
750,"680/747","旧貨幣/金貨/銀貨/記念硬貨",NULL,"2019-09-28 13:53:25","2019-09-28 13:53:25"
751,"680/747","印刷物",NULL,"2019-09-28 13:53:25","2019-09-28 13:53:25"
752,"680/747","ノベルティグッズ",NULL,"2019-09-28 13:53:25","2019-09-28 13:53:25"
753,"680/747","その他",NULL,"2019-09-28 13:53:25","2019-09-28 13:53:25"
754,"680","ミリタリー",NULL,"2019-09-28 13:53:25","2019-09-28 13:53:25"
755,"680/754","トイガン",NULL,"2019-09-28 13:53:25","2019-09-28 13:53:25"
756,"680/754","個人装備",NULL,"2019-09-28 13:53:25","2019-09-28 13:53:25"
757,"680/754","その他",NULL,"2019-09-28 13:53:25","2019-09-28 13:53:25"
758,"680","美術品",NULL,"2019-09-28 13:53:25","2019-09-28 13:53:25"
759,"680/758","陶芸",NULL,"2019-09-28 13:53:25","2019-09-28 13:53:25"
760,"680/758","ガラス",NULL,"2019-09-28 13:53:25","2019-09-28 13:53:25"
761,"680/758","漆芸",NULL,"2019-09-28 13:53:25","2019-09-28 13:53:25"
762,"680/758","金属工芸",NULL,"2019-09-28 13:53:25","2019-09-28 13:53:25"
763,"680/758","絵画/タペストリ",NULL,"2019-09-28 13:53:25","2019-09-28 13:53:25"
764,"680/758","版画",NULL,"2019-09-28 13:53:25","2019-09-28 13:53:25"
765,"680/758","彫刻/オブジェクト",NULL,"2019-09-28 13:53:25","2019-09-28 13:53:25"
766,"680/758","書",NULL,"2019-09-28 13:53:25","2019-09-28 13:53:25"
767,"680/758","写真",NULL,"2019-09-28 13:53:25","2019-09-28 13:53:25"
768,"680/758","その他",NULL,"2019-09-28 13:53:25","2019-09-28 13:53:25"
769,"680","アート用品",NULL,"2019-09-28 13:53:25","2019-09-28 13:53:25"
770,"680/769","画材",NULL,"2019-09-28 13:53:25","2019-09-28 13:53:25"
771,"680/769","額縁",NULL,"2019-09-28 13:53:25","2019-09-28 13:53:25"
772,"680/769","その他",NULL,"2019-09-28 13:53:25","2019-09-28 13:53:25"
773,"680","その他",NULL,"2019-09-28 13:53:25","2019-09-28 13:53:25"
774,"680/773","トランプ/UNO",NULL,"2019-09-28 13:53:25","2019-09-28 13:53:25"
775,"680/773","カルタ/百人一首",NULL,"2019-09-28 13:53:25","2019-09-28 13:53:25"
776,"680/773","ダーツ",NULL,"2019-09-28 13:53:25","2019-09-28 13:53:25"
777,"680/773","ビリヤード",NULL,"2019-09-28 13:53:25","2019-09-28 13:53:25"
778,"680/773","麻雀",NULL,"2019-09-28 13:53:25","2019-09-28 13:53:25"
779,"680/773","パズル/ジグソーパズル",NULL,"2019-09-28 13:53:25","2019-09-28 13:53:25"
780,"680/773","囲碁/将棋",NULL,"2019-09-28 13:53:25","2019-09-28 13:53:25"
781,"680/773","オセロ/チェス",NULL,"2019-09-28 13:53:25","2019-09-28 13:53:25"
782,"680/773","人生ゲーム",NULL,"2019-09-28 13:53:25","2019-09-28 13:53:25"
783,"680/773","野球/サッカーゲーム",NULL,"2019-09-28 13:53:25","2019-09-28 13:53:25"
784,"680/773","スポーツ",NULL,"2019-09-28 13:53:25","2019-09-28 13:53:25"
785,"680/773","三輪車/乗り物",NULL,"2019-09-28 13:53:25","2019-09-28 13:53:25"
786,"680/773","ヨーヨー",NULL,"2019-09-28 13:53:25","2019-09-28 13:53:25"
787,"680/773","模型製作用品",NULL,"2019-09-28 13:53:25","2019-09-28 13:53:25"
788,"680/773","鉄道",NULL,"2019-09-28 13:53:25","2019-09-28 13:53:25"
789,"680/773","航空機",NULL,"2019-09-28 13:53:25","2019-09-28 13:53:25"
790,"680/773","アマチュア無線",NULL,"2019-09-28 13:53:25","2019-09-28 13:53:25"
791,"680/773","パチンコ/パチスロ",NULL,"2019-09-28 13:53:25","2019-09-28 13:53:25"
792,"680/773","その他",NULL,"2019-09-28 13:53:25","2019-09-28 13:53:25"
793,NULL,"コスメ・香水・美容",NULL,"2019-09-28 13:53:25","2019-09-28 13:53:25"
794,"793","ベースメイク",NULL,"2019-09-28 13:53:25","2019-09-28 13:53:25"
795,"793/794","ファンデーション",NULL,"2019-09-28 13:53:25","2019-09-28 13:53:25"
796,"793/794","化粧下地",NULL,"2019-09-28 13:53:25","2019-09-28 13:53:25"
797,"793/794","コントロールカラー",NULL,"2019-09-28 13:53:25","2019-09-28 13:53:25"
798,"793/794","BBクリーム",NULL,"2019-09-28 13:53:25","2019-09-28 13:53:25"
799,"793/794","CCクリーム",NULL,"2019-09-28 13:53:25","2019-09-28 13:53:25"
800,"793/794","コンシーラー",NULL,"2019-09-28 13:53:25","2019-09-28 13:53:25"
801,"793/794","フェイスパウダー",NULL,"2019-09-28 13:53:25","2019-09-28 13:53:25"
802,"793/794","トライアルセット/サンプル",NULL,"2019-09-28 13:53:25","2019-09-28 13:53:25"
803,"793/794","その他",NULL,"2019-09-28 13:53:25","2019-09-28 13:53:25"
804,"793","メイクアップ",NULL,"2019-09-28 13:53:25","2019-09-28 13:53:25"
805,"793/804","アイシャドウ",NULL,"2019-09-28 13:53:25","2019-09-28 13:53:25"
806,"793/804","口紅",NULL,"2019-09-28 13:53:25","2019-09-28 13:53:25"
807,"793/804","リップグロス",NULL,"2019-09-28 13:53:25","2019-09-28 13:53:25"
808,"793/804","リップライナー",NULL,"2019-09-28 13:53:25","2019-09-28 13:53:25"
809,"793/804","チーク",NULL,"2019-09-28 13:53:25","2019-09-28 13:53:25"
810,"793/804","フェイスカラー",NULL,"2019-09-28 13:53:25","2019-09-28 13:53:25"
811,"793/804","マスカラ",NULL,"2019-09-28 13:53:25","2019-09-28 13:53:25"
812,"793/804","アイライナー",NULL,"2019-09-28 13:53:25","2019-09-28 13:53:25"
813,"793/804","つけまつげ",NULL,"2019-09-28 13:53:25","2019-09-28 13:53:25"
814,"793/804","アイブロウペンシル",NULL,"2019-09-28 13:53:25","2019-09-28 13:53:25"
815,"793/804","パウダーアイブロウ",NULL,"2019-09-28 13:53:25","2019-09-28 13:53:25"
816,"793/804","眉マスカラ",NULL,"2019-09-28 13:53:25","2019-09-28 13:53:25"
817,"793/804","トライアルセット/サンプル",NULL,"2019-09-28 13:53:25","2019-09-28 13:53:25"
818,"793/804","メイク道具/化粧小物",NULL,"2019-09-28 13:53:25","2019-09-28 13:53:25"
819,"793/804","美顔用品/美顔ローラー",NULL,"2019-09-28 13:53:25","2019-09-28 13:53:25"
820,"793/804","その他",NULL,"2019-09-28 13:53:25","2019-09-28 13:53:25"
821,"793","ネイルケア",NULL,"2019-09-28 13:53:25","2019-09-28 13:53:25"
822,"793/821","ネイルカラー",NULL,"2019-09-28 13:53:25","2019-09-28 13:53:25"
823,"793/821","カラージェル",NULL,"2019-09-28 13:53:25","2019-09-28 13:53:25"
824,"793/821","ネイルベースコート/トップコート",NULL,"2019-09-28 13:53:25","2019-09-28 13:53:25"
825,"793/821","ネイルアート用品",NULL,"2019-09-28 13:53:25","2019-09-28 13:53:25"
826,"793/821","ネイルパーツ",NULL,"2019-09-28 13:53:25","2019-09-28 13:53:25"
827,"793/821","ネイルチップ/付け爪",NULL,"2019-09-28 13:53:25","2019-09-28 13:53:25"
828,"793/821","手入れ用具",NULL,"2019-09-28 13:53:25","2019-09-28 13:53:25"
829,"793/821","除光液",NULL,"2019-09-28 13:53:25","2019-09-28 13:53:25"
830,"793/821","その他",NULL,"2019-09-28 13:53:25","2019-09-28 13:53:25"
831,"793","香水",NULL,"2019-09-28 13:53:25","2019-09-28 13:53:25"
832,"793/831","香水(女性用)",NULL,"2019-09-28 13:53:25","2019-09-28 13:53:25"
833,"793/831","香水(男性用)",NULL,"2019-09-28 13:53:25","2019-09-28 13:53:25"
834,"793/831","ユニセックス",NULL,"2019-09-28 13:53:25","2019-09-28 13:53:25"
835,"793/831","ボディミスト",NULL,"2019-09-28 13:53:25","2019-09-28 13:53:25"
836,"793/831","その他",NULL,"2019-09-28 13:53:25","2019-09-28 13:53:25"
837,"793","スキンケア/基礎化粧品",NULL,"2019-09-28 13:53:25","2019-09-28 13:53:25"
838,"793/837","化粧水/ローション",NULL,"2019-09-28 13:53:25","2019-09-28 13:53:25"
839,"793/837","乳液/ミルク",NULL,"2019-09-28 13:53:25","2019-09-28 13:53:25"
840,"793/837","美容液",NULL,"2019-09-28 13:53:25","2019-09-28 13:53:25"
841,"793/837","フェイスクリーム",NULL,"2019-09-28 13:53:25","2019-09-28 13:53:25"
842,"793/837","洗顔料",NULL,"2019-09-28 13:53:25","2019-09-28 13:53:25"
843,"793/837","クレンジング/メイク落とし",NULL,"2019-09-28 13:53:25","2019-09-28 13:53:25"
844,"793/837","パック/フェイスマスク",NULL,"2019-09-28 13:53:25","2019-09-28 13:53:25"
845,"793/837","ジェル/ゲル",NULL,"2019-09-28 13:53:25","2019-09-28 13:53:25"
846,"793/837","ブースター/導入液",NULL,"2019-09-28 13:53:25","2019-09-28 13:53:25"
847,"793/837","アイケア",NULL,"2019-09-28 13:53:25","2019-09-28 13:53:25"
848,"793/837","リップケア",NULL,"2019-09-28 13:53:25","2019-09-28 13:53:25"
849,"793/837","トライアルセット/サンプル",NULL,"2019-09-28 13:53:25","2019-09-28 13:53:25"
850,"793/837","洗顔グッズ",NULL,"2019-09-28 13:53:25","2019-09-28 13:53:25"
851,"793/837","その他",NULL,"2019-09-28 13:53:25","2019-09-28 13:53:25"
852,"793","ヘアケア",NULL,"2019-09-28 13:53:25","2019-09-28 13:53:25"
853,"793/852","シャンプー",NULL,"2019-09-28 13:53:25","2019-09-28 13:53:25"
854,"793/852","トリートメント",NULL,"2019-09-28 13:53:25","2019-09-28 13:53:25"
855,"793/852","コンディショナー",NULL,"2019-09-28 13:53:25","2019-09-28 13:53:25"
856,"793/852","リンス",NULL,"2019-09-28 13:53:25","2019-09-28 13:53:25"
857,"793/852","スタイリング剤",NULL,"2019-09-28 13:53:25","2019-09-28 13:53:25"
858,"793/852","カラーリング剤",NULL,"2019-09-28 13:53:25","2019-09-28 13:53:25"
859,"793/852","ブラシ",NULL,"2019-09-28 13:53:25","2019-09-28 13:53:25"
860,"793/852","その他",NULL,"2019-09-28 13:53:25","2019-09-28 13:53:25"
861,"793","ボディケア",NULL,"2019-09-28 13:53:25","2019-09-28 13:53:25"
862,"793/861","オイル/クリーム",NULL,"2019-09-28 13:53:25","2019-09-28 13:53:25"
863,"793/861","ハンドクリーム",NULL,"2019-09-28 13:53:25","2019-09-28 13:53:25"
864,"793/861","ローション",NULL,"2019-09-28 13:53:25","2019-09-28 13:53:25"
865,"793/861","日焼け止め/サンオイル",NULL,"2019-09-28 13:53:25","2019-09-28 13:53:25"
866,"793/861","ボディソープ",NULL,"2019-09-28 13:53:25","2019-09-28 13:53:25"
867,"793/861","入浴剤",NULL,"2019-09-28 13:53:25","2019-09-28 13:53:25"
868,"793/861","制汗/デオドラント",NULL,"2019-09-28 13:53:25","2019-09-28 13:53:25"
869,"793/861","フットケア",NULL,"2019-09-28 13:53:25","2019-09-28 13:53:25"
870,"793/861","その他",NULL,"2019-09-28 13:53:25","2019-09-28 13:53:25"
871,"793","オーラルケア",NULL,"2019-09-28 13:53:25","2019-09-28 13:53:25"
872,"793/871","口臭防止/エチケット用品",NULL,"2019-09-28 13:53:25","2019-09-28 13:53:25"
873,"793/871","歯ブラシ",NULL,"2019-09-28 13:53:25","2019-09-28 13:53:25"
874,"793/871","その他",NULL,"2019-09-28 13:53:25","2019-09-28 13:53:25"
875,"793","リラクゼーション",NULL,"2019-09-28 13:53:25","2019-09-28 13:53:25"
876,"793/875","エッセンシャルオイル",NULL,"2019-09-28 13:53:25","2019-09-28 13:53:25"
877,"793/875","芳香器",NULL,"2019-09-28 13:53:25","2019-09-28 13:53:25"
878,"793/875","お香/香炉",NULL,"2019-09-28 13:53:25","2019-09-28 13:53:25"
879,"793/875","キャンドル",NULL,"2019-09-28 13:53:25","2019-09-28 13:53:25"
880,"793/875","リラクゼーショングッズ",NULL,"2019-09-28 13:53:25","2019-09-28 13:53:25"
881,"793/875","その他",NULL,"2019-09-28 13:53:25","2019-09-28 13:53:25"
882,"793","ダイエット",NULL,"2019-09-28 13:53:25","2019-09-28 13:53:25"
883,"793/882","ダイエット食品",NULL,"2019-09-28 13:53:25","2019-09-28 13:53:25"
884,"793/882","エクササイズ用品",NULL,"2019-09-28 13:53:25","2019-09-28 13:53:25"
885,"793/882","体重計",NULL,"2019-09-28 13:53:25","2019-09-28 13:53:25"
886,"793/882","体脂肪計",NULL,"2019-09-28 13:53:25","2019-09-28 13:53:25"
887,"793/882","その他",NULL,"2019-09-28 13:53:25","2019-09-28 13:53:25"
888,"793","その他",NULL,"2019-09-28 13:53:25","2019-09-28 13:53:25"
889,"793/888","健康用品",NULL,"2019-09-28 13:53:25","2019-09-28 13:53:25"
890,"793/888","看護/介護用品",NULL,"2019-09-28 13:53:25","2019-09-28 13:53:25"
891,"793/888","救急/衛生用品",NULL,"2019-09-28 13:53:25","2019-09-28 13:53:25"
892,"793/888","その他",NULL,"2019-09-28 13:53:25","2019-09-28 13:53:25"
893,NULL,"家電・スマホ・カメラ",NULL,"2019-09-28 13:53:25","2019-09-28 13:53:25"
894,"893","スマートフォン/携帯電話",NULL,"2019-09-28 13:53:25","2019-09-28 13:53:25"
895,"893/894","スマートフォン本体",NULL,"2019-09-28 13:53:25","2019-09-28 13:53:25"
896,"893/894","バッテリー/充電器",NULL,"2019-09-28 13:53:25","2019-09-28 13:53:25"
897,"893/894","携帯電話本体",NULL,"2019-09-28 13:53:25","2019-09-28 13:53:25"
898,"893/894","PHS本体",NULL,"2019-09-28 13:53:25","2019-09-28 13:53:25"
899,"893/894","その他",NULL,"2019-09-28 13:53:25","2019-09-28 13:53:25"
900,"893","スマホアクセサリー",NULL,"2019-09-28 13:53:25","2019-09-28 13:53:25"
901,"893/900","Android用ケース",NULL,"2019-09-28 13:53:25","2019-09-28 13:53:25"
902,"893/900","iPhone用ケース",NULL,"2019-09-28 13:53:25","2019-09-28 13:53:25"
903,"893/900","カバー",NULL,"2019-09-28 13:53:25","2019-09-28 13:53:25"
904,"893/900","イヤホンジャック",NULL,"2019-09-28 13:53:25","2019-09-28 13:53:25"
905,"893/900","ストラップ",NULL,"2019-09-28 13:53:25","2019-09-28 13:53:25"
906,"893/900","フィルム",NULL,"2019-09-28 13:53:25","2019-09-28 13:53:25"
907,"893/900","自撮り棒",NULL,"2019-09-28 13:53:25","2019-09-28 13:53:25"
908,"893/900","その他",NULL,"2019-09-28 13:53:25","2019-09-28 13:53:25"
909,"893","PC/タブレット",NULL,"2019-09-28 13:53:25","2019-09-28 13:53:25"
910,"893/909","タブレット",NULL,"2019-09-28 13:53:25","2019-09-28 13:53:25"
911,"893/909","ノートPC",NULL,"2019-09-28 13:53:25","2019-09-28 13:53:25"
912,"893/909","デスクトップ型PC",NULL,"2019-09-28 13:53:25","2019-09-28 13:53:25"
913,"893/909","ディスプレイ",NULL,"2019-09-28 13:53:25","2019-09-28 13:53:25"
914,"893/909","電子ブックリーダー",NULL,"2019-09-28 13:53:25","2019-09-28 13:53:25"
915,"893/909","PC周辺機器",NULL,"2019-09-28 13:53:25","2019-09-28 13:53:25"
916,"893/909","PCパーツ",NULL,"2019-09-28 13:53:25","2019-09-28 13:53:25"
917,"893/909","その他",NULL,"2019-09-28 13:53:25","2019-09-28 13:53:25"
918,"893","カメラ",NULL,"2019-09-28 13:53:25","2019-09-28 13:53:25"
919,"893/918","デジタルカメラ",NULL,"2019-09-28 13:53:25","2019-09-28 13:53:25"
920,"893/918","ビデオカメラ",NULL,"2019-09-28 13:53:25","2019-09-28 13:53:25"
921,"893/918","レンズ(単焦点)",86,"2019-09-28 13:53:25","2019-09-28 13:53:27"
922,"893/918","レンズ(ズーム)",86,"2019-09-28 13:53:25","2019-09-28 13:53:27"
923,"893/918","フィルムカメラ",NULL,"2019-09-28 13:53:25","2019-09-28 13:53:25"
924,"893/918","防犯カメラ",NULL,"2019-09-28 13:53:25","2019-09-28 13:53:25"
925,"893/918","その他",NULL,"2019-09-28 13:53:25","2019-09-28 13:53:25"
926,"893","テレビ/映像機器",NULL,"2019-09-28 13:53:25","2019-09-28 13:53:25"
927,"893/926","テレビ",75,"2019-09-28 13:53:25","2019-09-28 13:53:27"
928,"893/926","プロジェクター",NULL,"2019-09-28 13:53:25","2019-09-28 13:53:25"
929,"893/926","ブルーレイレコーダー",NULL,"2019-09-28 13:53:25","2019-09-28 13:53:25"
930,"893/926","DVDレコーダー",NULL,"2019-09-28 13:53:25","2019-09-28 13:53:25"
931,"893/926","ブルーレイプレーヤー",NULL,"2019-09-28 13:53:25","2019-09-28 13:53:25"
932,"893/926","DVDプレーヤー",NULL,"2019-09-28 13:53:25","2019-09-28 13:53:25"
933,"893/926","映像用ケーブル",NULL,"2019-09-28 13:53:25","2019-09-28 13:53:25"
934,"893/926","その他",NULL,"2019-09-28 13:53:25","2019-09-28 13:53:25"
935,"893","オーディオ機器",NULL,"2019-09-28 13:53:25","2019-09-28 13:53:25"
936,"893/935","ポータブルプレーヤー",NULL,"2019-09-28 13:53:25","2019-09-28 13:53:25"
937,"893/935","イヤフォン",NULL,"2019-09-28 13:53:25","2019-09-28 13:53:25"
938,"893/935","ヘッドフォン",NULL,"2019-09-28 13:53:25","2019-09-28 13:53:25"
939,"893/935","アンプ",NULL,"2019-09-28 13:53:25","2019-09-28 13:53:25"
940,"893/935","スピーカー",NULL,"2019-09-28 13:53:25","2019-09-28 13:53:25"
941,"893/935","ケーブル/シールド",NULL,"2019-09-28 13:53:25","2019-09-28 13:53:25"
942,"893/935","ラジオ",NULL,"2019-09-28 13:53:25","2019-09-28 13:53:25"
943,"893/935","その他",NULL,"2019-09-28 13:53:25","2019-09-28 13:53:25"
944,"893","美容/健康",NULL,"2019-09-28 13:53:25","2019-09-28 13:53:25"
945,"893/944","ヘアドライヤー",NULL,"2019-09-28 13:53:25","2019-09-28 13:53:25"
946,"893/944","ヘアアイロン",NULL,"2019-09-28 13:53:25","2019-09-28 13:53:25"
947,"893/944","美容機器",NULL,"2019-09-28 13:53:25","2019-09-28 13:53:25"
948,"893/944","電気シェーバー",NULL,"2019-09-28 13:53:25","2019-09-28 13:53:25"
949,"893/944","電動歯ブラシ",NULL,"2019-09-28 13:53:25","2019-09-28 13:53:25"
950,"893/944","その他",NULL,"2019-09-28 13:53:25","2019-09-28 13:53:25"
951,"893","冷暖房/空調",NULL,"2019-09-28 13:53:25","2019-09-28 13:53:25"
952,"893/951","エアコン",NULL,"2019-09-28 13:53:25","2019-09-28 13:53:25"
953,"893/951","空気清浄器",NULL,"2019-09-28 13:53:25","2019-09-28 13:53:25"
954,"893/951","加湿器",NULL,"2019-09-28 13:53:25","2019-09-28 13:53:25"
955,"893/951","扇風機",NULL,"2019-09-28 13:53:25","2019-09-28 13:53:25"
956,"893/951","除湿機",NULL,"2019-09-28 13:53:25","2019-09-28 13:53:25"
957,"893/951","ファンヒーター",NULL,"2019-09-28 13:53:25","2019-09-28 13:53:25"
958,"893/951","電気ヒーター",NULL,"2019-09-28 13:53:25","2019-09-28 13:53:25"
959,"893/951","オイルヒーター",NULL,"2019-09-28 13:53:25","2019-09-28 13:53:25"
960,"893/951","ストーブ",NULL,"2019-09-28 13:53:25","2019-09-28 13:53:25"
961,"893/951","ホットカーペット",NULL,"2019-09-28 13:53:25","2019-09-28 13:53:25"
962,"893/951","こたつ",NULL,"2019-09-28 13:53:25","2019-09-28 13:53:25"
963,"893/951","電気毛布",NULL,"2019-09-28 13:53:25","2019-09-28 13:53:25"
964,"893/951","その他",NULL,"2019-09-28 13:53:25","2019-09-28 13:53:25"
965,"893","生活家電",NULL,"2019-09-28 13:53:25","2019-09-28 13:53:25"
966,"893/965","冷蔵庫",NULL,"2019-09-28 13:53:25","2019-09-28 13:53:25"
967,"893/965","洗濯機",NULL,"2019-09-28 13:53:25","2019-09-28 13:53:25"
968,"893/965","炊飯器",NULL,"2019-09-28 13:53:25","2019-09-28 13:53:25"
969,"893/965","電子レンジ/オーブン",NULL,"2019-09-28 13:53:25","2019-09-28 13:53:25"
970,"893/965","調理機器",NULL,"2019-09-28 13:53:25","2019-09-28 13:53:25"
971,"893/965","アイロン",NULL,"2019-09-28 13:53:25","2019-09-28 13:53:25"
972,"893/965","掃除機",NULL,"2019-09-28 13:53:25","2019-09-28 13:53:25"
973,"893/965","エスプレッソマシン",NULL,"2019-09-28 13:53:25","2019-09-28 13:53:25"
974,"893/965","コーヒーメーカー",NULL,"2019-09-28 13:53:25","2019-09-28 13:53:25"
975,"893/965","衣類乾燥機",NULL,"2019-09-28 13:53:25","2019-09-28 13:53:25"
976,"893/965","その他",NULL,"2019-09-28 13:53:25","2019-09-28 13:53:25"
977,"893","その他",NULL,"2019-09-28 13:53:25","2019-09-28 13:53:25"
978,"893/977","その他",NULL,"2019-09-28 13:53:25","2019-09-28 13:53:25"
979,NULL,"スポーツ・レジャー",NULL,"2019-09-28 13:53:25","2019-09-28 13:53:25"
980,"979","ゴルフ",NULL,"2019-09-28 13:53:25","2019-09-28 13:53:25"
981,"979/980","クラブ",NULL,"2019-09-28 13:53:25","2019-09-28 13:53:25"
982,"979/980","ウエア(男性用)",NULL,"2019-09-28 13:53:25","2019-09-28 13:53:25"
983,"979/980","ウエア(女性用)",NULL,"2019-09-28 13:53:25","2019-09-28 13:53:25"
984,"979/980","バッグ",NULL,"2019-09-28 13:53:25","2019-09-28 13:53:25"
985,"979/980","シューズ(男性用)",NULL,"2019-09-28 13:53:25","2019-09-28 13:53:25"
986,"979/980","シューズ(女性用)",NULL,"2019-09-28 13:53:25","2019-09-28 13:53:25"
987,"979/980","アクセサリー",NULL,"2019-09-28 13:53:25","2019-09-28 13:53:25"
988,"979/980","その他",NULL,"2019-09-28 13:53:25","2019-09-28 13:53:25"
989,"979","フィッシング",NULL,"2019-09-28 13:53:25","2019-09-28 13:53:25"
990,"979/989","ロッド",NULL,"2019-09-28 13:53:25","2019-09-28 13:53:25"
991,"979/989","リール",NULL,"2019-09-28 13:53:25","2019-09-28 13:53:25"
992,"979/989","ルアー用品",NULL,"2019-09-28 13:53:25","2019-09-28 13:53:25"
993,"979/989","ウエア",NULL,"2019-09-28 13:53:25","2019-09-28 13:53:25"
994,"979/989","釣り糸/ライン",NULL,"2019-09-28 13:53:25","2019-09-28 13:53:25"
995,"979/989","その他",NULL,"2019-09-28 13:53:25","2019-09-28 13:53:25"
996,"979","自転車",NULL,"2019-09-28 13:53:25","2019-09-28 13:53:25"
997,"979/996","自転車本体",NULL,"2019-09-28 13:53:25","2019-09-28 13:53:25"
998,"979/996","ウエア",NULL,"2019-09-28 13:53:25","2019-09-28 13:53:25"
999,"979/996","パーツ",NULL,"2019-09-28 13:53:25","2019-09-28 13:53:25"
1000,"979/996","アクセサリー",NULL,"2019-09-28 13:53:25","2019-09-28 13:53:25"
1001,"979/996","バッグ",NULL,"2019-09-28 13:53:25","2019-09-28 13:53:25"
1002,"979/996","工具/メンテナンス",NULL,"2019-09-28 13:53:25","2019-09-28 13:53:25"
1003,"979/996","その他",NULL,"2019-09-28 13:53:25","2019-09-28 13:53:25"
1004,"979","トレーニング/エクササイズ",NULL,"2019-09-28 13:53:25","2019-09-28 13:53:25"
1005,"979/1004","ランニング",NULL,"2019-09-28 13:53:25","2019-09-28 13:53:25"
1006,"979/1004","ウォーキング",NULL,"2019-09-28 13:53:25","2019-09-28 13:53:25"
1007,"979/1004","ヨガ",NULL,"2019-09-28 13:53:25","2019-09-28 13:53:25"
1008,"979/1004","トレーニング用品",NULL,"2019-09-28 13:53:25","2019-09-28 13:53:25"
1009,"979/1004","その他",NULL,"2019-09-28 13:53:25","2019-09-28 13:53:25"
1010,"979","野球",NULL,"2019-09-28 13:53:25","2019-09-28 13:53:25"
1011,"979/1010","ウェア",NULL,"2019-09-28 13:53:25","2019-09-28 13:53:25"
1012,"979/1010","シューズ",NULL,"2019-09-28 13:53:25","2019-09-28 13:53:25"
1013,"979/1010","グローブ",NULL,"2019-09-28 13:53:25","2019-09-28 13:53:25"
1014,"979/1010","バット",NULL,"2019-09-28 13:53:25","2019-09-28 13:53:25"
1015,"979/1010","アクセサリー",NULL,"2019-09-28 13:53:25","2019-09-28 13:53:25"
1016,"979/1010","防具",NULL,"2019-09-28 13:53:25","2019-09-28 13:53:25"
1017,"979/1010","練習機器",NULL,"2019-09-28 13:53:25","2019-09-28 13:53:25"
1018,"979/1010","記念グッズ",NULL,"2019-09-28 13:53:25","2019-09-28 13:53:25"
1019,"979/1010","応援グッズ",NULL,"2019-09-28 13:53:25","2019-09-28 13:53:25"
1020,"979/1010","その他",NULL,"2019-09-28 13:53:25","2019-09-28 13:53:25"
1021,"979","サッカー/フットサル",NULL,"2019-09-28 13:53:25","2019-09-28 13:53:25"
1022,"979/1021","ウェア",NULL,"2019-09-28 13:53:25","2019-09-28 13:53:25"
1023,"979/1021","シューズ",NULL,"2019-09-28 13:53:25","2019-09-28 13:53:25"
1024,"979/1021","ボール",NULL,"2019-09-28 13:53:25","2019-09-28 13:53:25"
1025,"979/1021","アクセサリー",NULL,"2019-09-28 13:53:25","2019-09-28 13:53:25"
1026,"979/1021","記念グッズ",NULL,"2019-09-28 13:53:25","2019-09-28 13:53:25"
1027,"979/1021","応援グッズ",NULL,"2019-09-28 13:53:25","2019-09-28 13:53:25"
1028,"979/1021","その他",NULL,"2019-09-28 13:53:25","2019-09-28 13:53:25"
1029,"979","テニス",NULL,"2019-09-28 13:53:25","2019-09-28 13:53:25"
1030,"979/1029","ラケット(硬式用)",NULL,"2019-09-28 13:53:25","2019-09-28 13:53:25"
1031,"979/1029","ラケット(軟式用)",NULL,"2019-09-28 13:53:25","2019-09-28 13:53:25"
1032,"979/1029","ウェア",NULL,"2019-09-28 13:53:25","2019-09-28 13:53:25"
1033,"979/1029","シューズ",NULL,"2019-09-28 13:53:25","2019-09-28 13:53:25"
1034,"979/1029","ボール",NULL,"2019-09-28 13:53:25","2019-09-28 13:53:25"
1035,"979/1029","アクセサリー",NULL,"2019-09-28 13:53:25","2019-09-28 13:53:25"
1036,"979/1029","記念グッズ",NULL,"2019-09-28 13:53:25","2019-09-28 13:53:25"
1037,"979/1029","応援グッズ",NULL,"2019-09-28 13:53:25","2019-09-28 13:53:25"
1038,"979/1029","その他",NULL,"2019-09-28 13:53:25","2019-09-28 13:53:25"
1039,"979","スノーボード",NULL,"2019-09-28 13:53:25","2019-09-28 13:53:25"
1040,"979/1039","ボード",137,"2019-09-28 13:53:25","2019-09-28 13:53:27"
1041,"979/1039","バインディング",NULL,"2019-09-28 13:53:25","2019-09-28 13:53:25"
1042,"979/1039","ブーツ(男性用)",12,"2019-09-28 13:53:25","2019-09-28 13:53:27"
1043,"979/1039","ブーツ(女性用)",29,"2019-09-28 13:53:25","2019-09-28 13:53:27"
1044,"979/1039","ブーツ(子ども用)",60,"2019-09-28 13:53:25","2019-09-28 13:53:27"
1045,"979/1039","ウエア/装備(男性用)",1,"2019-09-28 13:53:25","2019-09-28 13:53:27"
1046,"979/1039","ウエア/装備(女性用)",1,"2019-09-28 13:53:25","2019-09-28 13:53:27"
1047,"979/1039","ウエア/装備(子ども用)",52,"2019-09-28 13:53:25","2019-09-28 13:53:27"
1048,"979/1039","アクセサリー",NULL,"2019-09-28 13:53:25","2019-09-28 13:53:25"
1049,"979/1039","バッグ",NULL,"2019-09-28 13:53:25","2019-09-28 13:53:25"
1050,"979/1039","その他",NULL,"2019-09-28 13:53:25","2019-09-28 13:53:25"
1051,"979","スキー",NULL,"2019-09-28 13:53:25","2019-09-28 13:53:25"
1052,"979/1051","板",129,"2019-09-28 13:53:25","2019-09-28 13:53:27"
1053,"979/1051","ブーツ(男性用)",12,"2019-09-28 13:53:25","2019-09-28 13:53:27"
1054,"979/1051","ブーツ(女性用)",29,"2019-09-28 13:53:25","2019-09-28 13:53:27"
1055,"979/1051","ブーツ(子ども用)",60,"2019-09-28 13:53:25","2019-09-28 13:53:27"
1056,"979/1051","ビンディング",NULL,"2019-09-28 13:53:25","2019-09-28 13:53:25"
1057,"979/1051","ウエア(男性用)",1,"2019-09-28 13:53:26","2019-09-28 13:53:27"
1058,"979/1051","ウエア(女性用)",1,"2019-09-28 13:53:26","2019-09-28 13:53:27"
1059,"979/1051","ウエア(子ども用)",52,"2019-09-28 13:53:26","2019-09-28 13:53:27"
1060,"979/1051","ストック",NULL,"2019-09-28 13:53:26","2019-09-28 13:53:26"
1061,"979/1051","その他",NULL,"2019-09-28 13:53:26","2019-09-28 13:53:26"
1062,"979","その他スポーツ",NULL,"2019-09-28 13:53:26","2019-09-28 13:53:26"
1063,"979/1062","ダンス/バレエ",NULL,"2019-09-28 13:53:26","2019-09-28 13:53:26"
1064,"979/1062","サーフィン",NULL,"2019-09-28 13:53:26","2019-09-28 13:53:26"
1065,"979/1062","バスケットボール",NULL,"2019-09-28 13:53:26","2019-09-28 13:53:26"
1066,"979/1062","バドミントン",NULL,"2019-09-28 13:53:26","2019-09-28 13:53:26"
1067,"979/1062","バレーボール",NULL,"2019-09-28 13:53:26","2019-09-28 13:53:26"
1068,"979/1062","スケートボード",NULL,"2019-09-28 13:53:26","2019-09-28 13:53:26"
1069,"979/1062","陸上競技",NULL,"2019-09-28 13:53:26","2019-09-28 13:53:26"
1070,"979/1062","ラグビー",NULL,"2019-09-28 13:53:26","2019-09-28 13:53:26"
1071,"979/1062","アメリカンフットボール",NULL,"2019-09-28 13:53:26","2019-09-28 13:53:26"
1072,"979/1062","ボクシング",NULL,"2019-09-28 13:53:26","2019-09-28 13:53:26"
1073,"979/1062","ボウリング",NULL,"2019-09-28 13:53:26","2019-09-28 13:53:26"
1074,"979/1062","その他",NULL,"2019-09-28 13:53:26","2019-09-28 13:53:26"
1075,"979","アウトドア",NULL,"2019-09-28 13:53:26","2019-09-28 13:53:26"
1076,"979/1075","テント/タープ",NULL,"2019-09-28 13:53:26","2019-09-28 13:53:26"
1077,"979/1075","ライト/ランタン",NULL,"2019-09-28 13:53:26","2019-09-28 13:53:26"
1078,"979/1075","寝袋/寝具",NULL,"2019-09-28 13:53:26","2019-09-28 13:53:26"
1079,"979/1075","テーブル/チェア",NULL,"2019-09-28 13:53:26","2019-09-28 13:53:26"
1080,"979/1075","ストーブ/コンロ",NULL,"2019-09-28 13:53:26","2019-09-28 13:53:26"
1081,"979/1075","調理器具",NULL,"2019-09-28 13:53:26","2019-09-28 13:53:26"
1082,"979/1075","食器",NULL,"2019-09-28 13:53:26","2019-09-28 13:53:26"
1083,"979/1075","登山用品",NULL,"2019-09-28 13:53:26","2019-09-28 13:53:26"
1084,"979/1075","その他",NULL,"2019-09-28 13:53:26","2019-09-28 13:53:26"
1085,"979","その他",NULL,"2019-09-28 13:53:26","2019-09-28 13:53:26"
1086,"979/1085","旅行用品",NULL,"2019-09-28 13:53:26","2019-09-28 13:53:26"
1087,"979/1085","その他",NULL,"2019-09-28 13:53:26","2019-09-28 13:53:26"
1088,NULL,"ハンドメイド",NULL,"2019-09-28 13:53:26","2019-09-28 13:53:26"
1089,"1088","アクセサリー(女性用)",NULL,"2019-09-28 13:53:26","2019-09-28 13:53:26"
1090,"1088/1089","ピアス",NULL,"2019-09-28 13:53:26","2019-09-28 13:53:26"
1091,"1088/1089","イヤリング",NULL,"2019-09-28 13:53:26","2019-09-28 13:53:26"
1092,"1088/1089","ネックレス",NULL,"2019-09-28 13:53:26","2019-09-28 13:53:26"
1093,"1088/1089","ブレスレット",NULL,"2019-09-28 13:53:26","2019-09-28 13:53:26"
1094,"1088/1089","リング",NULL,"2019-09-28 13:53:26","2019-09-28 13:53:26"
1095,"1088/1089","チャーム",NULL,"2019-09-28 13:53:26","2019-09-28 13:53:26"
1096,"1088/1089","ヘアゴム",NULL,"2019-09-28 13:53:26","2019-09-28 13:53:26"
1097,"1088/1089","アンクレット",NULL,"2019-09-28 13:53:26","2019-09-28 13:53:26"
1098,"1088/1089","その他",NULL,"2019-09-28 13:53:26","2019-09-28 13:53:26"
1099,"1088","ファッション/小物",NULL,"2019-09-28 13:53:26","2019-09-28 13:53:26"
1100,"1088/1099","バッグ(女性用)",NULL,"2019-09-28 13:53:26","2019-09-28 13:53:26"
1101,"1088/1099","バッグ(男性用)",NULL,"2019-09-28 13:53:26","2019-09-28 13:53:26"
1102,"1088/1099","財布(女性用)",NULL,"2019-09-28 13:53:26","2019-09-28 13:53:26"
1103,"1088/1099","財布(男性用)",NULL,"2019-09-28 13:53:26","2019-09-28 13:53:26"
1104,"1088/1099","ファッション雑貨",NULL,"2019-09-28 13:53:26","2019-09-28 13:53:26"
1105,"1088/1099","その他",NULL,"2019-09-28 13:53:26","2019-09-28 13:53:26"
1106,"1088","アクセサリー/時計",NULL,"2019-09-28 13:53:26","2019-09-28 13:53:26"
1107,"1088/1106","アクセサリー(男性用)",NULL,"2019-09-28 13:53:26","2019-09-28 13:53:26"
1108,"1088/1106","時計(女性用)",NULL,"2019-09-28 13:53:26","2019-09-28 13:53:26"
1109,"1088/1106","時計(男性用)",NULL,"2019-09-28 13:53:26","2019-09-28 13:53:26"
1110,"1088/1106","その他",NULL,"2019-09-28 13:53:26","2019-09-28 13:53:26"
1111,"1088","日用品/インテリア",NULL,"2019-09-28 13:53:26","2019-09-28 13:53:26"
1112,"1088/1111","キッチン用品",NULL,"2019-09-28 13:53:26","2019-09-28 13:53:26"
1113,"1088/1111","家具",NULL,"2019-09-28 13:53:26","2019-09-28 13:53:26"
1114,"1088/1111","文房具",NULL,"2019-09-28 13:53:26","2019-09-28 13:53:26"
1115,"1088/1111","アート/写真",NULL,"2019-09-28 13:53:26","2019-09-28 13:53:26"
1116,"1088/1111","アロマ/キャンドル",NULL,"2019-09-28 13:53:26","2019-09-28 13:53:26"
1117,"1088/1111","フラワー/ガーデン",NULL,"2019-09-28 13:53:26","2019-09-28 13:53:26"
1118,"1088/1111","その他",NULL,"2019-09-28 13:53:26","2019-09-28 13:53:26"
1119,"1088","趣味/おもちゃ",NULL,"2019-09-28 13:53:26","2019-09-28 13:53:26"
1120,"1088/1119","クラフト/布製品",NULL,"2019-09-28 13:53:26","2019-09-28 13:53:26"
1121,"1088/1119","おもちゃ/人形",NULL,"2019-09-28 13:53:26","2019-09-28 13:53:26"
1122,"1088/1119","その他",NULL,"2019-09-28 13:53:26","2019-09-28 13:53:26"
1123,"1088","キッズ/ベビー",NULL,"2019-09-28 13:53:26","2019-09-28 13:53:26"
1124,"1088/1123","ファッション雑貨",NULL,"2019-09-28 13:53:26","2019-09-28 13:53:26"
1125,"1088/1123","スタイ/よだれかけ",NULL,"2019-09-28 13:53:26","2019-09-28 13:53:26"
1126,"1088/1123","外出用品",NULL,"2019-09-28 13:53:26","2019-09-28 13:53:26"
1127,"1088/1123","ネームタグ",NULL,"2019-09-28 13:53:26","2019-09-28 13:53:26"
1128,"1088/1123","その他",NULL,"2019-09-28 13:53:26","2019-09-28 13:53:26"
1129,"1088","素材/材料",NULL,"2019-09-28 13:53:26","2019-09-28 13:53:26"
1130,"1088/1129","各種パーツ",NULL,"2019-09-28 13:53:26","2019-09-28 13:53:26"
1131,"1088/1129","生地/糸",NULL,"2019-09-28 13:53:26","2019-09-28 13:53:26"
1132,"1088/1129","型紙/パターン",NULL,"2019-09-28 13:53:26","2019-09-28 13:53:26"
1133,"1088/1129","その他",NULL,"2019-09-28 13:53:26","2019-09-28 13:53:26"
1134,"1088","二次創作物",NULL,"2019-09-28 13:53:26","2019-09-28 13:53:26"
1135,"1088/1134","Ingress",NULL,"2019-09-28 13:53:26","2019-09-28 13:53:26"
1136,"1088/1134","クリエイターズ宇宙兄弟",NULL,"2019-09-28 13:53:26","2019-09-28 13:53:26"
1137,"1088","その他",NULL,"2019-09-28 13:53:26","2019-09-28 13:53:26"
1138,NULL,"チケット",NULL,"2019-09-28 13:53:26","2019-09-28 13:53:26"
1139,"1138","音楽  ",NULL,"2019-09-28 13:53:26","2019-09-28 13:53:26"
1140,"1138/1139","男性アイドル",NULL,"2019-09-28 13:53:26","2019-09-28 13:53:26"
1141,"1138/1139","女性アイドル",NULL,"2019-09-28 13:53:26","2019-09-28 13:53:26"
1142,"1138/1139","韓流",NULL,"2019-09-28 13:53:26","2019-09-28 13:53:26"
1143,"1138/1139","国内アーティスト",NULL,"2019-09-28 13:53:26","2019-09-28 13:53:26"
1144,"1138/1139","海外アーティスト",NULL,"2019-09-28 13:53:26","2019-09-28 13:53:26"
1145,"1138/1139","音楽フェス",NULL,"2019-09-28 13:53:26","2019-09-28 13:53:26"
1146,"1138/1139","声優/アニメ",NULL,"2019-09-28 13:53:26","2019-09-28 13:53:26"
1147,"1138/1139","その他",NULL,"2019-09-28 13:53:26","2019-09-28 13:53:26"
1148,"1138","スポーツ",NULL,"2019-09-28 13:53:26","2019-09-28 13:53:26"
1149,"1138/1148","サッカー",NULL,"2019-09-28 13:53:26","2019-09-28 13:53:26"
1150,"1138/1148","野球",NULL,"2019-09-28 13:53:26","2019-09-28 13:53:26"
1151,"1138/1148","テニス",NULL,"2019-09-28 13:53:26","2019-09-28 13:53:26"
1152,"1138/1148","格闘技/プロレス",NULL,"2019-09-28 13:53:26","2019-09-28 13:53:26"
1153,"1138/1148","相撲/武道",NULL,"2019-09-28 13:53:26","2019-09-28 13:53:26"
1154,"1138/1148","ゴルフ",NULL,"2019-09-28 13:53:26","2019-09-28 13:53:26"
1155,"1138/1148","バレーボール",NULL,"2019-09-28 13:53:26","2019-09-28 13:53:26"
1156,"1138/1148","バスケットボール",NULL,"2019-09-28 13:53:26","2019-09-28 13:53:26"
1157,"1138/1148","モータースポーツ",NULL,"2019-09-28 13:53:26","2019-09-28 13:53:26"
1158,"1138/1148","ウィンタースポーツ",NULL,"2019-09-28 13:53:26","2019-09-28 13:53:26"
1159,"1138/1148","その他",NULL,"2019-09-28 13:53:26","2019-09-28 13:53:26"
1160,"1138","演劇/芸能",NULL,"2019-09-28 13:53:26","2019-09-28 13:53:26"
1161,"1138/1160","ミュージカル",NULL,"2019-09-28 13:53:26","2019-09-28 13:53:26"
1162,"1138/1160","演劇",NULL,"2019-09-28 13:53:26","2019-09-28 13:53:26"
1163,"1138/1160","伝統芸能",NULL,"2019-09-28 13:53:26","2019-09-28 13:53:26"
1164,"1138/1160","落語",NULL,"2019-09-28 13:53:26","2019-09-28 13:53:26"
1165,"1138/1160","お笑い",NULL,"2019-09-28 13:53:26","2019-09-28 13:53:26"
1166,"1138/1160","オペラ",NULL,"2019-09-28 13:53:26","2019-09-28 13:53:26"
1167,"1138/1160","サーカス",NULL,"2019-09-28 13:53:26","2019-09-28 13:53:26"
1168,"1138/1160","バレエ",NULL,"2019-09-28 13:53:26","2019-09-28 13:53:26"
1169,"1138/1160","その他",NULL,"2019-09-28 13:53:26","2019-09-28 13:53:26"
1170,"1138","イベント",NULL,"2019-09-28 13:53:26","2019-09-28 13:53:26"
1171,"1138/1170","声優/アニメ",NULL,"2019-09-28 13:53:26","2019-09-28 13:53:26"
1172,"1138/1170","キッズ/ファミリー",NULL,"2019-09-28 13:53:26","2019-09-28 13:53:26"
1173,"1138/1170","トークショー/講演会",NULL,"2019-09-28 13:53:26","2019-09-28 13:53:26"
1174,"1138/1170","その他",NULL,"2019-09-28 13:53:26","2019-09-28 13:53:26"
1175,"1138","映画",NULL,"2019-09-28 13:53:26","2019-09-28 13:53:26"
1176,"1138/1175","邦画",NULL,"2019-09-28 13:53:26","2019-09-28 13:53:26"
1177,"1138/1175","洋画",NULL,"2019-09-28 13:53:26","2019-09-28 13:53:26"
1178,"1138/1175","その他",NULL,"2019-09-28 13:53:26","2019-09-28 13:53:26"
1179,"1138","施設利用券",NULL,"2019-09-28 13:53:26","2019-09-28 13:53:26"
1180,"1138/1179","遊園地/テーマパーク",NULL,"2019-09-28 13:53:26","2019-09-28 13:53:26"
1181,"1138/1179","美術館/博物館",NULL,"2019-09-28 13:53:26","2019-09-28 13:53:26"
1182,"1138/1179","スキー場",NULL,"2019-09-28 13:53:26","2019-09-28 13:53:26"
1183,"1138/1179","ゴルフ場",NULL,"2019-09-28 13:53:26","2019-09-28 13:53:26"
1184,"1138/1179","フィットネスクラブ",NULL,"2019-09-28 13:53:26","2019-09-28 13:53:26"
1185,"1138/1179","プール",NULL,"2019-09-28 13:53:26","2019-09-28 13:53:26"
1186,"1138/1179","ボウリング場",NULL,"2019-09-28 13:53:26","2019-09-28 13:53:26"
1187,"1138/1179","水族館",NULL,"2019-09-28 13:53:26","2019-09-28 13:53:26"
1188,"1138/1179","動物園",NULL,"2019-09-28 13:53:26","2019-09-28 13:53:26"
1189,"1138/1179","その他",NULL,"2019-09-28 13:53:26","2019-09-28 13:53:26"
1190,"1138","優待券/割引券",NULL,"2019-09-28 13:53:26","2019-09-28 13:53:26"
1191,"1138/1190","ショッピング",NULL,"2019-09-28 13:53:26","2019-09-28 13:53:26"
1192,"1138/1190","レストラン/食事券",NULL,"2019-09-28 13:53:26","2019-09-28 13:53:26"
1193,"1138/1190","フード/ドリンク券",NULL,"2019-09-28 13:53:26","2019-09-28 13:53:26"
1194,"1138/1190","宿泊券",NULL,"2019-09-28 13:53:26","2019-09-28 13:53:26"
1195,"1138/1190","その他",NULL,"2019-09-28 13:53:26","2019-09-28 13:53:26"
1196,"1138","その他",NULL,"2019-09-28 13:53:26","2019-09-28 13:53:26"
1197,NULL,"自動車・オートバイ",NULL,"2019-09-28 13:53:26","2019-09-28 13:53:26"
1198,"1197","自動車本体",NULL,"2019-09-28 13:53:26","2019-09-28 13:53:26"
1199,"1197/1198","国内自動車本体",NULL,"2019-09-28 13:53:26","2019-09-28 13:53:26"
1200,"1197/1198","外国自動車本体",NULL,"2019-09-28 13:53:26","2019-09-28 13:53:26"
1201,"1197","自動車タイヤ/ホイール",NULL,"2019-09-28 13:53:26","2019-09-28 13:53:26"
1202,"1197/1201","タイヤ/ホイールセット",115,"2019-09-28 13:53:26","2019-09-28 13:53:27"
1203,"1197/1201","タイヤ",115,"2019-09-28 13:53:26","2019-09-28 13:53:27"
1204,"1197/1201","ホイール",115,"2019-09-28 13:53:26","2019-09-28 13:53:27"
1205,"1197/1201","その他",NULL,"2019-09-28 13:53:26","2019-09-28 13:53:27"
1206,"1197","自動車パーツ",NULL,"2019-09-28 13:53:26","2019-09-28 13:53:26"
1207,"1197/1206","サスペンション",NULL,"2019-09-28 13:53:26","2019-09-28 13:53:26"
1208,"1197/1206","ブレーキ",NULL,"2019-09-28 13:53:26","2019-09-28 13:53:26"
1209,"1197/1206","外装、エアロパーツ",NULL,"2019-09-28 13:53:26","2019-09-28 13:53:26"
1210,"1197/1206","ライト",NULL,"2019-09-28 13:53:26","2019-09-28 13:53:26"
1211,"1197/1206","内装品、シート",NULL,"2019-09-28 13:53:26","2019-09-28 13:53:26"
1212,"1197/1206","ステアリング",NULL,"2019-09-28 13:53:26","2019-09-28 13:53:26"
1213,"1197/1206","マフラー・排気系",NULL,"2019-09-28 13:53:26","2019-09-28 13:53:26"
1214,"1197/1206","エンジン、過給器、冷却装置",NULL,"2019-09-28 13:53:26","2019-09-28 13:53:26"
1215,"1197/1206","クラッチ、ミッション、駆動系",NULL,"2019-09-28 13:53:26","2019-09-28 13:53:26"
1216,"1197/1206","電装品",NULL,"2019-09-28 13:53:26","2019-09-28 13:53:26"
1217,"1197/1206","補強パーツ",NULL,"2019-09-28 13:53:26","2019-09-28 13:53:26"
1218,"1197/1206","汎用パーツ",NULL,"2019-09-28 13:53:26","2019-09-28 13:53:26"
1219,"1197/1206","外国自動車用パーツ",NULL,"2019-09-28 13:53:26","2019-09-28 13:53:26"
1220,"1197/1206","その他",NULL,"2019-09-28 13:53:26","2019-09-28 13:53:26"
1221,"1197","自動車アクセサリー",NULL,"2019-09-28 13:53:26","2019-09-28 13:53:26"
1222,"1197/1221","車内アクセサリー",NULL,"2019-09-28 13:53:26","2019-09-28 13:53:26"
1223,"1197/1221","カーナビ",NULL,"2019-09-28 13:53:26","2019-09-28 13:53:26"
1224,"1197/1221","カーオーディオ",NULL,"2019-09-28 13:53:26","2019-09-28 13:53:26"
1225,"1197/1221","車外アクセサリー",NULL,"2019-09-28 13:53:26","2019-09-28 13:53:26"
1226,"1197/1221","メンテナンス用品",NULL,"2019-09-28 13:53:26","2019-09-28 13:53:26"
1227,"1197/1221","チャイルドシート",NULL,"2019-09-28 13:53:26","2019-09-28 13:53:26"
1228,"1197/1221","ドライブレコーダー",NULL,"2019-09-28 13:53:26","2019-09-28 13:53:26"
1229,"1197/1221","レーダー探知機",NULL,"2019-09-28 13:53:26","2019-09-28 13:53:26"
1230,"1197/1221","カタログ/マニュアル",NULL,"2019-09-28 13:53:26","2019-09-28 13:53:26"
1231,"1197/1221","セキュリティ",NULL,"2019-09-28 13:53:26","2019-09-28 13:53:26"
1232,"1197/1221","ETC",NULL,"2019-09-28 13:53:26","2019-09-28 13:53:26"
1233,"1197/1221","その他",NULL,"2019-09-28 13:53:26","2019-09-28 13:53:26"
1234,"1197","オートバイ車体",NULL,"2019-09-28 13:53:26","2019-09-28 13:53:26"
1235,"1197","オートバイパーツ",NULL,"2019-09-28 13:53:26","2019-09-28 13:53:26"
1236,"1197/1235","タイヤ",NULL,"2019-09-28 13:53:26","2019-09-28 13:53:26"
1237,"1197/1235","マフラー",NULL,"2019-09-28 13:53:26","2019-09-28 13:53:26"
1238,"1197/1235","エンジン、冷却装置",NULL,"2019-09-28 13:53:26","2019-09-28 13:53:26"
1239,"1197/1235","カウル、フェンダー、外装",NULL,"2019-09-28 13:53:26","2019-09-28 13:53:26"
1240,"1197/1235","サスペンション",NULL,"2019-09-28 13:53:26","2019-09-28 13:53:26"
1241,"1197/1235","ホイール",NULL,"2019-09-28 13:53:26","2019-09-28 13:53:26"
1242,"1197/1235","シート",NULL,"2019-09-28 13:53:26","2019-09-28 13:53:26"
1243,"1197/1235","ブレーキ",NULL,"2019-09-28 13:53:26","2019-09-28 13:53:26"
1244,"1197/1235","タンク",NULL,"2019-09-28 13:53:26","2019-09-28 13:53:26"
1245,"1197/1235","ライト、ウィンカー",NULL,"2019-09-28 13:53:26","2019-09-28 13:53:26"
1246,"1197/1235","チェーン、スプロケット、駆動系",NULL,"2019-09-28 13:53:26","2019-09-28 13:53:26"
1247,"1197/1235","メーター",NULL,"2019-09-28 13:53:26","2019-09-28 13:53:26"
1248,"1197/1235","電装系",NULL,"2019-09-28 13:53:26","2019-09-28 13:53:26"
1249,"1197/1235","ミラー",NULL,"2019-09-28 13:53:26","2019-09-28 13:53:26"
1250,"1197/1235","外国オートバイ用パーツ",NULL,"2019-09-28 13:53:26","2019-09-28 13:53:26"
1251,"1197/1235","その他",NULL,"2019-09-28 13:53:26","2019-09-28 13:53:26"
1252,"1197","オートバイアクセサリー",NULL,"2019-09-28 13:53:26","2019-09-28 13:53:26"
1253,"1197/1252","ヘルメット/シールド",106,"2019-09-28 13:53:26","2019-09-28 13:53:27"
1254,"1197/1252","バイクウエア/装備",NULL,"2019-09-28 13:53:26","2019-09-28 13:53:26"
1255,"1197/1252","アクセサリー",NULL,"2019-09-28 13:53:26","2019-09-28 13:53:26"
1256,"1197/1252","メンテナンス",NULL,"2019-09-28 13:53:26","2019-09-28 13:53:26"
1257,"1197/1252","カタログ/マニュアル",NULL,"2019-09-28 13:53:26","2019-09-28 13:53:26"
1258,"1197/1252","その他",NULL,"2019-09-28 13:53:26","2019-09-28 13:53:26"
1259,NULL,"その他",NULL,"2019-09-28 13:53:26","2019-09-28 13:53:26"
1260,"1259","まとめ売り",NULL,"2019-09-28 13:53:26","2019-09-28 13:53:26"
1261,"1259","ペット用品",NULL,"2019-09-28 13:53:26","2019-09-28 13:53:26"
1262,"1259/1261","ペットフード",NULL,"2019-09-28 13:53:26","2019-09-28 13:53:26"
1263,"1259/1261","犬用品",NULL,"2019-09-28 13:53:26","2019-09-28 13:53:26"
1264,"1259/1261","猫用品",NULL,"2019-09-28 13:53:26","2019-09-28 13:53:26"
1265,"1259/1261","魚用品/水草",NULL,"2019-09-28 13:53:26","2019-09-28 13:53:26"
1266,"1259/1261","小動物用品",NULL,"2019-09-28 13:53:26","2019-09-28 13:53:26"
1267,"1259/1261","爬虫類/両生類用品",NULL,"2019-09-28 13:53:26","2019-09-28 13:53:26"
1268,"1259/1261","かご/おり",NULL,"2019-09-28 13:53:26","2019-09-28 13:53:26"
1269,"1259/1261","鳥用品",NULL,"2019-09-28 13:53:26","2019-09-28 13:53:26"
1270,"1259/1261","虫類用品",NULL,"2019-09-28 13:53:26","2019-09-28 13:53:26"
1271,"1259/1261","その他",NULL,"2019-09-28 13:53:26","2019-09-28 13:53:26"
1272,"1259","食品",NULL,"2019-09-28 13:53:26","2019-09-28 13:53:26"
1273,"1259/1272","菓子",NULL,"2019-09-28 13:53:26","2019-09-28 13:53:26"
1274,"1259/1272","米",NULL,"2019-09-28 13:53:26","2019-09-28 13:53:26"
1275,"1259/1272","野菜",NULL,"2019-09-28 13:53:26","2019-09-28 13:53:26"
1276,"1259/1272","果物",NULL,"2019-09-28 13:53:26","2019-09-28 13:53:26"
1277,"1259/1272","調味料",NULL,"2019-09-28 13:53:26","2019-09-28 13:53:26"
1278,"1259/1272","魚介類(加工食品)",NULL,"2019-09-28 13:53:26","2019-09-28 13:53:26"
1279,"1259/1272","肉類(加工食品)",NULL,"2019-09-28 13:53:26","2019-09-28 13:53:26"
1280,"1259/1272","その他 加工食品",NULL,"2019-09-28 13:53:26","2019-09-28 13:53:26"
1281,"1259/1272","その他",NULL,"2019-09-28 13:53:26","2019-09-28 13:53:26"
1282,"1259","飲料/酒",NULL,"2019-09-28 13:53:26","2019-09-28 13:53:26"
1283,"1259/1282","コーヒー",NULL,"2019-09-28 13:53:26","2019-09-28 13:53:26"
1284,"1259/1282","ソフトドリンク",NULL,"2019-09-28 13:53:26","2019-09-28 13:53:26"
1285,"1259/1282","ミネラルウォーター",NULL,"2019-09-28 13:53:26","2019-09-28 13:53:26"
1286,"1259/1282","茶",NULL,"2019-09-28 13:53:26","2019-09-28 13:53:26"
1287,"1259/1282","ウイスキー",NULL,"2019-09-28 13:53:26","2019-09-28 13:53:26"
1288,"1259/1282","ワイン",NULL,"2019-09-28 13:53:26","2019-09-28 13:53:26"
1289,"1259/1282","ブランデー",NULL,"2019-09-28 13:53:26","2019-09-28 13:53:26"
1290,"1259/1282","焼酎",NULL,"2019-09-28 13:53:26","2019-09-28 13:53:26"
1291,"1259/1282","日本酒",NULL,"2019-09-28 13:53:26","2019-09-28 13:53:26"
1292,"1259/1282","ビール、発泡酒",NULL,"2019-09-28 13:53:26","2019-09-28 13:53:26"
1293,"1259/1282","その他",NULL,"2019-09-28 13:53:26","2019-09-28 13:53:26"
1294,"1259","日用品/生活雑貨/旅行",NULL,"2019-09-28 13:53:26","2019-09-28 13:53:26"
1295,"1259/1294","タオル/バス用品",NULL,"2019-09-28 13:53:26","2019-09-28 13:53:26"
1296,"1259/1294","日用品/生活雑貨",NULL,"2019-09-28 13:53:26","2019-09-28 13:53:26"
1297,"1259/1294","洗剤/柔軟剤",NULL,"2019-09-28 13:53:26","2019-09-28 13:53:26"
1298,"1259/1294","旅行用品",NULL,"2019-09-28 13:53:26","2019-09-28 13:53:26"
1299,"1259/1294","防災関連グッズ",NULL,"2019-09-28 13:53:26","2019-09-28 13:53:26"
1300,"1259/1294","その他",NULL,"2019-09-28 13:53:26","2019-09-28 13:53:26"
1301,"1259","アンティーク/コレクション",NULL,"2019-09-28 13:53:26","2019-09-28 13:53:26"
1302,"1259/1301","雑貨",NULL,"2019-09-28 13:53:26","2019-09-28 13:53:26"
1303,"1259/1301","工芸品",NULL,"2019-09-28 13:53:26","2019-09-28 13:53:26"
1304,"1259/1301","家具",NULL,"2019-09-28 13:53:26","2019-09-28 13:53:26"
1305,"1259/1301","印刷物",NULL,"2019-09-28 13:53:26","2019-09-28 13:53:26"
1306,"1259/1301","その他",NULL,"2019-09-28 13:53:26","2019-09-28 13:53:26"
1307,"1259","文房具/事務用品",NULL,"2019-09-28 13:53:26","2019-09-28 13:53:26"
1308,"1259/1307","筆記具",NULL,"2019-09-28 13:53:26","2019-09-28 13:53:26"
1309,"1259/1307","ノート/メモ帳",NULL,"2019-09-28 13:53:26","2019-09-28 13:53:26"
1310,"1259/1307","テープ/マスキングテープ",NULL,"2019-09-28 13:53:26","2019-09-28 13:53:26"
1311,"1259/1307","カレンダー/スケジュール",NULL,"2019-09-28 13:53:26","2019-09-28 13:53:26"
1312,"1259/1307","アルバム/スクラップ",NULL,"2019-09-28 13:53:26","2019-09-28 13:53:26"
1313,"1259/1307","ファイル/バインダー",NULL,"2019-09-28 13:53:26","2019-09-28 13:53:26"
1314,"1259/1307","はさみ/カッター",NULL,"2019-09-28 13:53:26","2019-09-28 13:53:26"
1315,"1259/1307","カードホルダー/名刺管理",NULL,"2019-09-28 13:53:26","2019-09-28 13:53:26"
1316,"1259/1307","のり/ホッチキス",NULL,"2019-09-28 13:53:26","2019-09-28 13:53:26"
1317,"1259/1307","その他",NULL,"2019-09-28 13:53:26","2019-09-28 13:53:26"
1318,"1259","事務/店舗用品",NULL,"2019-09-28 13:53:26","2019-09-28 13:53:26"
1319,"1259/1318","オフィス用品一般",NULL,"2019-09-28 13:53:26","2019-09-28 13:53:26"
1320,"1259/1318","オフィス家具",NULL,"2019-09-28 13:53:26","2019-09-28 13:53:26"
1321,"1259/1318","店舗用品",NULL,"2019-09-28 13:53:26","2019-09-28 13:53:26"
1322,"1259/1318","OA機器",NULL,"2019-09-28 13:53:26","2019-09-28 13:53:26"
1323,"1259/1318","ラッピング/包装",NULL,"2019-09-28 13:53:26","2019-09-28 13:53:26"
1324,"1259/1318","その他",NULL,"2019-09-28 13:53:26","2019-09-28 13:53:26"
1325,"1259","その他",NULL,"2019-09-28 13:53:26","2019-09-28 13:53:26"
