id,"ancestry","created_at","updated_at","name"
1,NULL,"2019-09-20 14:30:19","2019-09-20 14:30:19","レディース"
2,"1","2019-09-20 14:30:19","2019-09-20 14:30:19","トップス"
3,"1/2","2019-09-20 14:30:19","2019-09-20 14:30:19","Tシャツ/カットソー(半袖/袖なし)"
4,"1/2","2019-09-20 14:30:19","2019-09-20 14:30:19","Tシャツ/カットソー(七分/長袖)"
5,"1/2","2019-09-20 14:30:19","2019-09-20 14:30:19","シャツ/ブラウス(半袖/袖なし)"
6,"1/2","2019-09-20 14:30:19","2019-09-20 14:30:19","シャツ/ブラウス(七分/長袖)"
7,"1/2","2019-09-20 14:30:19","2019-09-20 14:30:19","ポロシャツ"
8,"1/2","2019-09-20 14:30:19","2019-09-20 14:30:19","キャミソール"
9,"1/2","2019-09-20 14:30:19","2019-09-20 14:30:19","タンクトップ"
10,"1/2","2019-09-20 14:30:19","2019-09-20 14:30:19","ホルターネック"
11,"1/2","2019-09-20 14:30:19","2019-09-20 14:30:19","ニット/セーター"
12,"1/2","2019-09-20 14:30:19","2019-09-20 14:30:19","チュニック"
13,"1/2","2019-09-20 14:30:19","2019-09-20 14:30:19","カーディガン/ボレロ"
14,"1/2","2019-09-20 14:30:19","2019-09-20 14:30:19","アンサンブル"
15,"1/2","2019-09-20 14:30:19","2019-09-20 14:30:19","ベスト/ジレ"
16,"1/2","2019-09-20 14:30:19","2019-09-20 14:30:19","パーカー"
17,"1/2","2019-09-20 14:30:19","2019-09-20 14:30:19","トレーナー/スウェット"
18,"1/2","2019-09-20 14:30:19","2019-09-20 14:30:19","ベアトップ/チューブトップ"
19,"1/2","2019-09-20 14:30:19","2019-09-20 14:30:19","ジャージ"
20,"1/2","2019-09-20 14:30:19","2019-09-20 14:30:19","その他"
21,"1","2019-09-20 14:30:19","2019-09-20 14:30:19","ジャケット/アウター"
22,"1/21","2019-09-20 14:30:19","2019-09-20 14:30:19","テーラードジャケット"
23,"1/21","2019-09-20 14:30:19","2019-09-20 14:30:19","ノーカラージャケット"
24,"1/21","2019-09-20 14:30:19","2019-09-20 14:30:19","Gジャン/デニムジャケット"
25,"1/21","2019-09-20 14:30:19","2019-09-20 14:30:19","レザージャケット"
26,"1/21","2019-09-20 14:30:19","2019-09-20 14:30:19","ダウンジャケット"
27,"1/21","2019-09-20 14:30:19","2019-09-20 14:30:19","ライダースジャケット"
28,"1/21","2019-09-20 14:30:19","2019-09-20 14:30:19","ミリタリージャケット"
29,"1/21","2019-09-20 14:30:19","2019-09-20 14:30:19","ダウンベスト"
30,"1/21","2019-09-20 14:30:19","2019-09-20 14:30:19","ジャンパー/ブルゾン"
31,"1/21","2019-09-20 14:30:19","2019-09-20 14:30:19","ポンチョ"
32,"1/21","2019-09-20 14:30:19","2019-09-20 14:30:19","ロングコート"
33,"1/21","2019-09-20 14:30:19","2019-09-20 14:30:19","トレンチコート"
34,"1/21","2019-09-20 14:30:19","2019-09-20 14:30:19","ダッフルコート"
35,"1/21","2019-09-20 14:30:19","2019-09-20 14:30:19","ピーコート"
36,"1/21","2019-09-20 14:30:19","2019-09-20 14:30:19","チェスターコート"
37,"1/21","2019-09-20 14:30:19","2019-09-20 14:30:19","モッズコート"
38,"1/21","2019-09-20 14:30:19","2019-09-20 14:30:19","スタジャン"
39,"1/21","2019-09-20 14:30:19","2019-09-20 14:30:19","毛皮/ファーコート"
40,"1/21","2019-09-20 14:30:19","2019-09-20 14:30:19","スプリングコート"
41,"1/21","2019-09-20 14:30:19","2019-09-20 14:30:19","スカジャン"
42,"1/21","2019-09-20 14:30:19","2019-09-20 14:30:19","その他"
43,"1","2019-09-20 14:30:19","2019-09-20 14:30:19","パンツ"
44,"1/43","2019-09-20 14:30:19","2019-09-20 14:30:19","デニム/ジーンズ"
45,"1/43","2019-09-20 14:30:19","2019-09-20 14:30:19","ショートパンツ"
46,"1/43","2019-09-20 14:30:19","2019-09-20 14:30:19","カジュアルパンツ"
47,"1/43","2019-09-20 14:30:19","2019-09-20 14:30:19","ハーフパンツ"
48,"1/43","2019-09-20 14:30:19","2019-09-20 14:30:19","チノパン"
49,"1/43","2019-09-20 14:30:19","2019-09-20 14:30:19","ワークパンツ/カーゴパンツ"
50,"1/43","2019-09-20 14:30:19","2019-09-20 14:30:19","クロップドパンツ"
51,"1/43","2019-09-20 14:30:19","2019-09-20 14:30:19","サロペット/オーバーオール"
52,"1/43","2019-09-20 14:30:19","2019-09-20 14:30:19","オールインワン"
53,"1/43","2019-09-20 14:30:19","2019-09-20 14:30:19","サルエルパンツ"
54,"1/43","2019-09-20 14:30:19","2019-09-20 14:30:19","ガウチョパンツ"
55,"1/43","2019-09-20 14:30:19","2019-09-20 14:30:19","その他"
56,"1","2019-09-20 14:30:19","2019-09-20 14:30:19","スカート"
57,"1/56","2019-09-20 14:30:19","2019-09-20 14:30:19","ミニスカート"
58,"1/56","2019-09-20 14:30:19","2019-09-20 14:30:19","ひざ丈スカート"
59,"1/56","2019-09-20 14:30:19","2019-09-20 14:30:19","ロングスカート"
60,"1/56","2019-09-20 14:30:19","2019-09-20 14:30:19","キュロット"
61,"1/56","2019-09-20 14:30:19","2019-09-20 14:30:19","その他"
62,"1","2019-09-20 14:30:19","2019-09-20 14:30:19","ワンピース"
63,"1/62","2019-09-20 14:30:19","2019-09-20 14:30:19","ミニワンピース"
64,"1/62","2019-09-20 14:30:19","2019-09-20 14:30:19","ひざ丈ワンピース"
65,"1/62","2019-09-20 14:30:19","2019-09-20 14:30:19","ロングワンピース"
66,"1/62","2019-09-20 14:30:19","2019-09-20 14:30:19","その他"
67,"1","2019-09-20 14:30:19","2019-09-20 14:30:19","靴"
68,"1/67","2019-09-20 14:30:19","2019-09-20 14:30:19","ハイヒール/パンプス"
69,"1/67","2019-09-20 14:30:19","2019-09-20 14:30:19","ブーツ"
70,"1/67","2019-09-20 14:30:19","2019-09-20 14:30:19","サンダル"
71,"1/67","2019-09-20 14:30:19","2019-09-20 14:30:19","スニーカー"
72,"1/67","2019-09-20 14:30:19","2019-09-20 14:30:19","ミュール"
73,"1/67","2019-09-20 14:30:19","2019-09-20 14:30:19","モカシン"
74,"1/67","2019-09-20 14:30:19","2019-09-20 14:30:19","ローファー/革靴"
75,"1/67","2019-09-20 14:30:19","2019-09-20 14:30:19","フラットシューズ/バレエシューズ"
76,"1/67","2019-09-20 14:30:19","2019-09-20 14:30:19","長靴/レインシューズ"
77,"1/67","2019-09-20 14:30:19","2019-09-20 14:30:19","その他"
78,"1","2019-09-20 14:30:19","2019-09-20 14:30:19","ルームウェア/パジャマ"
79,"1/78","2019-09-20 14:30:19","2019-09-20 14:30:19","パジャマ"
80,"1/78","2019-09-20 14:30:19","2019-09-20 14:30:19","ルームウェア"
81,"1","2019-09-20 14:30:19","2019-09-20 14:30:19","レッグウェア"
82,"1/81","2019-09-20 14:30:19","2019-09-20 14:30:19","ソックス"
83,"1/81","2019-09-20 14:30:19","2019-09-20 14:30:19","スパッツ/レギンス"
84,"1/81","2019-09-20 14:30:19","2019-09-20 14:30:19","ストッキング/タイツ"
85,"1/81","2019-09-20 14:30:19","2019-09-20 14:30:19","レッグウォーマー"
86,"1/81","2019-09-20 14:30:19","2019-09-20 14:30:19","その他"
87,"1","2019-09-20 14:30:19","2019-09-20 14:30:19","帽子"
88,"1/87","2019-09-20 14:30:19","2019-09-20 14:30:19","ニットキャップ/ビーニー"
89,"1/87","2019-09-20 14:30:19","2019-09-20 14:30:19","ハット"
90,"1/87","2019-09-20 14:30:19","2019-09-20 14:30:19","ハンチング/ベレー帽"
91,"1/87","2019-09-20 14:30:19","2019-09-20 14:30:19","キャップ"
92,"1/87","2019-09-20 14:30:19","2019-09-20 14:30:19","キャスケット"
93,"1/87","2019-09-20 14:30:19","2019-09-20 14:30:19","麦わら帽子"
94,"1/87","2019-09-20 14:30:19","2019-09-20 14:30:19","その他"
95,"1","2019-09-20 14:30:19","2019-09-20 14:30:19","バッグ"
96,"1/95","2019-09-20 14:30:19","2019-09-20 14:30:19","ハンドバッグ"
97,"1/95","2019-09-20 14:30:19","2019-09-20 14:30:19","トートバッグ"
98,"1/95","2019-09-20 14:30:19","2019-09-20 14:30:19","エコバッグ"
99,"1/95","2019-09-20 14:30:19","2019-09-20 14:30:19","リュック/バックパック"
100,"1/95","2019-09-20 14:30:19","2019-09-20 14:30:19","ボストンバッグ"
101,"1/95","2019-09-20 14:30:19","2019-09-20 14:30:19","スポーツバッグ"
102,"1/95","2019-09-20 14:30:19","2019-09-20 14:30:19","ショルダーバッグ"
103,"1/95","2019-09-20 14:30:19","2019-09-20 14:30:19","クラッチバッグ"
104,"1/95","2019-09-20 14:30:19","2019-09-20 14:30:19","ポーチ/バニティ"
105,"1/95","2019-09-20 14:30:19","2019-09-20 14:30:19","ボディバッグ/ウェストバッグ"
106,"1/95","2019-09-20 14:30:19","2019-09-20 14:30:19","マザーズバッグ"
107,"1/95","2019-09-20 14:30:19","2019-09-20 14:30:19","メッセンジャーバッグ"
108,"1/95","2019-09-20 14:30:19","2019-09-20 14:30:19","ビジネスバッグ"
109,"1/95","2019-09-20 14:30:19","2019-09-20 14:30:19","旅行用バッグ/キャリーバッグ"
110,"1/95","2019-09-20 14:30:19","2019-09-20 14:30:19","ショップ袋"
111,"1/95","2019-09-20 14:30:19","2019-09-20 14:30:19","和装用バッグ"
112,"1/95","2019-09-20 14:30:19","2019-09-20 14:30:19","かごバッグ"
113,"1/95","2019-09-20 14:30:19","2019-09-20 14:30:19","その他"
114,"1","2019-09-20 14:30:19","2019-09-20 14:30:19","アクセサリー"
115,"1/114","2019-09-20 14:30:19","2019-09-20 14:30:19","ネックレス"
116,"1/114","2019-09-20 14:30:19","2019-09-20 14:30:19","ブレスレット"
117,"1/114","2019-09-20 14:30:19","2019-09-20 14:30:19","バングル/リストバンド"
118,"1/114","2019-09-20 14:30:19","2019-09-20 14:30:19","リング"
119,"1/114","2019-09-20 14:30:19","2019-09-20 14:30:19","ピアス(片耳用)"
120,"1/114","2019-09-20 14:30:19","2019-09-20 14:30:19","ピアス(両耳用)"
121,"1/114","2019-09-20 14:30:19","2019-09-20 14:30:19","イヤリング"
122,"1/114","2019-09-20 14:30:19","2019-09-20 14:30:19","アンクレット"
123,"1/114","2019-09-20 14:30:19","2019-09-20 14:30:19","ブローチ/コサージュ"
124,"1/114","2019-09-20 14:30:19","2019-09-20 14:30:19","チャーム"
125,"1/114","2019-09-20 14:30:19","2019-09-20 14:30:19","その他"
126,"1","2019-09-20 14:30:19","2019-09-20 14:30:19","ヘアアクセサリー"
127,"1/126","2019-09-20 14:30:19","2019-09-20 14:30:19","ヘアゴム/シュシュ"
128,"1/126","2019-09-20 14:30:19","2019-09-20 14:30:19","ヘアバンド/カチューシャ"
129,"1/126","2019-09-20 14:30:19","2019-09-20 14:30:19","ヘアピン"
130,"1/126","2019-09-20 14:30:19","2019-09-20 14:30:19","その他"
131,"1","2019-09-20 14:30:19","2019-09-20 14:30:19","小物"
132,"1/131","2019-09-20 14:30:19","2019-09-20 14:30:19","長財布"
133,"1/131","2019-09-20 14:30:19","2019-09-20 14:30:19","折り財布"
134,"1/131","2019-09-20 14:30:19","2019-09-20 14:30:19","コインケース/小銭入れ"
135,"1/131","2019-09-20 14:30:19","2019-09-20 14:30:19","名刺入れ/定期入れ"
136,"1/131","2019-09-20 14:30:19","2019-09-20 14:30:19","キーケース"
137,"1/131","2019-09-20 14:30:19","2019-09-20 14:30:19","キーホルダー"
138,"1/131","2019-09-20 14:30:19","2019-09-20 14:30:19","手袋/アームカバー"
139,"1/131","2019-09-20 14:30:19","2019-09-20 14:30:19","ハンカチ"
140,"1/131","2019-09-20 14:30:19","2019-09-20 14:30:19","ベルト"
141,"1/131","2019-09-20 14:30:19","2019-09-20 14:30:19","マフラー/ショール"
142,"1/131","2019-09-20 14:30:19","2019-09-20 14:30:19","ストール/スヌード"
143,"1/131","2019-09-20 14:30:19","2019-09-20 14:30:19","バンダナ/スカーフ"
144,"1/131","2019-09-20 14:30:19","2019-09-20 14:30:19","ネックウォーマー"
145,"1/131","2019-09-20 14:30:19","2019-09-20 14:30:19","サスペンダー"
146,"1/131","2019-09-20 14:30:19","2019-09-20 14:30:19","サングラス/メガネ"
147,"1/131","2019-09-20 14:30:19","2019-09-20 14:30:19","モバイルケース/カバー"
148,"1/131","2019-09-20 14:30:19","2019-09-20 14:30:19","手帳"
149,"1/131","2019-09-20 14:30:19","2019-09-20 14:30:19","イヤマフラー"
150,"1/131","2019-09-20 14:30:19","2019-09-20 14:30:19","傘"
151,"1/131","2019-09-20 14:30:19","2019-09-20 14:30:19","レインコート/ポンチョ"
152,"1/131","2019-09-20 14:30:19","2019-09-20 14:30:19","ミラー"
153,"1/131","2019-09-20 14:30:19","2019-09-20 14:30:19","タバコグッズ"
154,"1/131","2019-09-20 14:30:19","2019-09-20 14:30:19","その他"
155,"1","2019-09-20 14:30:19","2019-09-20 14:30:19","時計"
156,"1/155","2019-09-20 14:30:19","2019-09-20 14:30:19","腕時計(アナログ)"
157,"1/155","2019-09-20 14:30:19","2019-09-20 14:30:19","腕時計(デジタル)"
158,"1/155","2019-09-20 14:30:19","2019-09-20 14:30:19","ラバーベルト"
159,"1/155","2019-09-20 14:30:19","2019-09-20 14:30:19","レザーベルト"
160,"1/155","2019-09-20 14:30:19","2019-09-20 14:30:19","金属ベルト"
161,"1/155","2019-09-20 14:30:19","2019-09-20 14:30:19","その他"
162,"1","2019-09-20 14:30:19","2019-09-20 14:30:19","ウィッグ/エクステ"
163,"1/162","2019-09-20 14:30:19","2019-09-20 14:30:19","前髪ウィッグ"
164,"1/162","2019-09-20 14:30:19","2019-09-20 14:30:19","ロングストレート"
165,"1/162","2019-09-20 14:30:19","2019-09-20 14:30:19","ロングカール"
166,"1/162","2019-09-20 14:30:19","2019-09-20 14:30:19","ショートストレート"
167,"1/162","2019-09-20 14:30:19","2019-09-20 14:30:19","ショートカール"
168,"1/162","2019-09-20 14:30:19","2019-09-20 14:30:19","その他"
169,"1","2019-09-20 14:30:19","2019-09-20 14:30:19","浴衣/水着"
170,"1/169","2019-09-20 14:30:19","2019-09-20 14:30:19","浴衣"
171,"1/169","2019-09-20 14:30:19","2019-09-20 14:30:19","着物"
172,"1/169","2019-09-20 14:30:19","2019-09-20 14:30:19","振袖"
173,"1/169","2019-09-20 14:30:19","2019-09-20 14:30:19","長襦袢/半襦袢"
174,"1/169","2019-09-20 14:30:19","2019-09-20 14:30:19","水着セパレート"
175,"1/169","2019-09-20 14:30:19","2019-09-20 14:30:19","水着ワンピース"
176,"1/169","2019-09-20 14:30:19","2019-09-20 14:30:19","水着スポーツ用"
177,"1/169","2019-09-20 14:30:19","2019-09-20 14:30:19","その他"
178,"1","2019-09-20 14:30:19","2019-09-20 14:30:19","スーツ/フォーマル/ドレス"
179,"1/178","2019-09-20 14:30:19","2019-09-20 14:30:19","スカートスーツ上下"
180,"1/178","2019-09-20 14:30:19","2019-09-20 14:30:19","パンツスーツ上下"
181,"1/178","2019-09-20 14:30:19","2019-09-20 14:30:19","ドレス"
182,"1/178","2019-09-20 14:30:19","2019-09-20 14:30:19","パーティーバッグ"
183,"1/178","2019-09-20 14:30:19","2019-09-20 14:30:19","シューズ"
184,"1/178","2019-09-20 14:30:19","2019-09-20 14:30:19","ウェディング"
185,"1/178","2019-09-20 14:30:19","2019-09-20 14:30:19","その他"
186,"1","2019-09-20 14:30:19","2019-09-20 14:30:19","マタニティ"
187,"1/186","2019-09-20 14:30:19","2019-09-20 14:30:19","トップス"
188,"1/186","2019-09-20 14:30:19","2019-09-20 14:30:19","アウター"
189,"1/186","2019-09-20 14:30:19","2019-09-20 14:30:19","インナー"
190,"1/186","2019-09-20 14:30:19","2019-09-20 14:30:19","ワンピース"
191,"1/186","2019-09-20 14:30:19","2019-09-20 14:30:19","パンツ/スパッツ"
192,"1/186","2019-09-20 14:30:19","2019-09-20 14:30:19","スカート"
193,"1/186","2019-09-20 14:30:20","2019-09-20 14:30:20","パジャマ"
194,"1/186","2019-09-20 14:30:20","2019-09-20 14:30:20","授乳服"
195,"1/186","2019-09-20 14:30:20","2019-09-20 14:30:20","その他"
196,"1","2019-09-20 14:30:20","2019-09-20 14:30:20","その他"
197,"1/196","2019-09-20 14:30:20","2019-09-20 14:30:20","コスプレ"
198,"1/196","2019-09-20 14:30:20","2019-09-20 14:30:20","下着"
199,"1/196","2019-09-20 14:30:20","2019-09-20 14:30:20","その他"
200,NULL,"2019-09-20 14:30:20","2019-09-20 14:30:20","メンズ"
201,"200","2019-09-20 14:30:20","2019-09-20 14:30:20","トップス"
202,"200/201","2019-09-20 14:30:20","2019-09-20 14:30:20","Tシャツ/カットソー(半袖/袖なし)"
203,"200/201","2019-09-20 14:30:20","2019-09-20 14:30:20","Tシャツ/カットソー(七分/長袖)"
204,"200/201","2019-09-20 14:30:20","2019-09-20 14:30:20","シャツ"
205,"200/201","2019-09-20 14:30:20","2019-09-20 14:30:20","ポロシャツ"
206,"200/201","2019-09-20 14:30:20","2019-09-20 14:30:20","タンクトップ"
207,"200/201","2019-09-20 14:30:20","2019-09-20 14:30:20","ニット/セーター"
208,"200/201","2019-09-20 14:30:20","2019-09-20 14:30:20","パーカー"
209,"200/201","2019-09-20 14:30:20","2019-09-20 14:30:20","カーディガン"
210,"200/201","2019-09-20 14:30:20","2019-09-20 14:30:20","スウェット"
211,"200/201","2019-09-20 14:30:20","2019-09-20 14:30:20","ジャージ"
212,"200/201","2019-09-20 14:30:20","2019-09-20 14:30:20","ベスト"
213,"200/201","2019-09-20 14:30:20","2019-09-20 14:30:20","その他"
214,"200","2019-09-20 14:30:20","2019-09-20 14:30:20","ジャケット/アウター"
215,"200/214","2019-09-20 14:30:20","2019-09-20 14:30:20","テーラードジャケット"
216,"200/214","2019-09-20 14:30:20","2019-09-20 14:30:20","ノーカラージャケット"
217,"200/214","2019-09-20 14:30:20","2019-09-20 14:30:20","Gジャン/デニムジャケット"
218,"200/214","2019-09-20 14:30:20","2019-09-20 14:30:20","レザージャケット"
219,"200/214","2019-09-20 14:30:20","2019-09-20 14:30:20","ダウンジャケット"
220,"200/214","2019-09-20 14:30:20","2019-09-20 14:30:20","ライダースジャケット"
221,"200/214","2019-09-20 14:30:20","2019-09-20 14:30:20","ミリタリージャケット"
222,"200/214","2019-09-20 14:30:20","2019-09-20 14:30:20","ナイロンジャケット"
223,"200/214","2019-09-20 14:30:20","2019-09-20 14:30:20","フライトジャケット"
224,"200/214","2019-09-20 14:30:20","2019-09-20 14:30:20","ダッフルコート"
225,"200/214","2019-09-20 14:30:20","2019-09-20 14:30:20","ピーコート"
226,"200/214","2019-09-20 14:30:20","2019-09-20 14:30:20","ステンカラーコート"
227,"200/214","2019-09-20 14:30:20","2019-09-20 14:30:20","トレンチコート"
228,"200/214","2019-09-20 14:30:20","2019-09-20 14:30:20","モッズコート"
229,"200/214","2019-09-20 14:30:20","2019-09-20 14:30:20","チェスターコート"
230,"200/214","2019-09-20 14:30:20","2019-09-20 14:30:20","スタジャン"
231,"200/214","2019-09-20 14:30:20","2019-09-20 14:30:20","スカジャン"
232,"200/214","2019-09-20 14:30:20","2019-09-20 14:30:20","ブルゾン"
233,"200/214","2019-09-20 14:30:20","2019-09-20 14:30:20","マウンテンパーカー"
234,"200/214","2019-09-20 14:30:20","2019-09-20 14:30:20","ダウンベスト"
235,"200/214","2019-09-20 14:30:20","2019-09-20 14:30:20","ポンチョ"
236,"200/214","2019-09-20 14:30:20","2019-09-20 14:30:20","カバーオール"
237,"200/214","2019-09-20 14:30:20","2019-09-20 14:30:20","その他"
238,"200","2019-09-20 14:30:20","2019-09-20 14:30:20","パンツ"
239,"200/238","2019-09-20 14:30:20","2019-09-20 14:30:20","デニム/ジーンズ"
240,"200/238","2019-09-20 14:30:20","2019-09-20 14:30:20","ワークパンツ/カーゴパンツ"
241,"200/238","2019-09-20 14:30:20","2019-09-20 14:30:20","スラックス"
242,"200/238","2019-09-20 14:30:20","2019-09-20 14:30:20","チノパン"
243,"200/238","2019-09-20 14:30:20","2019-09-20 14:30:20","ショートパンツ"
244,"200/238","2019-09-20 14:30:20","2019-09-20 14:30:20","ペインターパンツ"
245,"200/238","2019-09-20 14:30:20","2019-09-20 14:30:20","サルエルパンツ"
246,"200/238","2019-09-20 14:30:20","2019-09-20 14:30:20","オーバーオール"
247,"200/238","2019-09-20 14:30:20","2019-09-20 14:30:20","その他"
248,"200","2019-09-20 14:30:20","2019-09-20 14:30:20","靴"
249,"200/248","2019-09-20 14:30:20","2019-09-20 14:30:20","スニーカー"
250,"200/248","2019-09-20 14:30:20","2019-09-20 14:30:20","サンダル"
251,"200/248","2019-09-20 14:30:20","2019-09-20 14:30:20","ブーツ"
252,"200/248","2019-09-20 14:30:20","2019-09-20 14:30:20","モカシン"
253,"200/248","2019-09-20 14:30:20","2019-09-20 14:30:20","ドレス/ビジネス"
254,"200/248","2019-09-20 14:30:20","2019-09-20 14:30:20","長靴/レインシューズ"
255,"200/248","2019-09-20 14:30:20","2019-09-20 14:30:20","デッキシューズ"
256,"200/248","2019-09-20 14:30:20","2019-09-20 14:30:20","その他"
257,"200","2019-09-20 14:30:20","2019-09-20 14:30:20","バッグ"
258,"200/257","2019-09-20 14:30:20","2019-09-20 14:30:20","ショルダーバッグ"
259,"200/257","2019-09-20 14:30:20","2019-09-20 14:30:20","トートバッグ"
260,"200/257","2019-09-20 14:30:20","2019-09-20 14:30:20","ボストンバッグ"
261,"200/257","2019-09-20 14:30:20","2019-09-20 14:30:20","リュック/バックパック"
262,"200/257","2019-09-20 14:30:20","2019-09-20 14:30:20","ウエストポーチ"
263,"200/257","2019-09-20 14:30:20","2019-09-20 14:30:20","ボディーバッグ"
264,"200/257","2019-09-20 14:30:20","2019-09-20 14:30:20","ドラムバッグ"
265,"200/257","2019-09-20 14:30:20","2019-09-20 14:30:20","ビジネスバッグ"
266,"200/257","2019-09-20 14:30:20","2019-09-20 14:30:20","トラベルバッグ"
267,"200/257","2019-09-20 14:30:20","2019-09-20 14:30:20","メッセンジャーバッグ"
268,"200/257","2019-09-20 14:30:20","2019-09-20 14:30:20","エコバッグ"
269,"200/257","2019-09-20 14:30:20","2019-09-20 14:30:20","その他"
270,"200","2019-09-20 14:30:20","2019-09-20 14:30:20","スーツ"
271,"200/270","2019-09-20 14:30:20","2019-09-20 14:30:20","スーツジャケット"
272,"200/270","2019-09-20 14:30:20","2019-09-20 14:30:20","スーツベスト"
273,"200/270","2019-09-20 14:30:20","2019-09-20 14:30:20","スラックス"
274,"200/270","2019-09-20 14:30:20","2019-09-20 14:30:20","セットアップ"
275,"200/270","2019-09-20 14:30:20","2019-09-20 14:30:20","その他"
276,"200","2019-09-20 14:30:20","2019-09-20 14:30:20","帽子"
277,"200/276","2019-09-20 14:30:20","2019-09-20 14:30:20","キャップ"
278,"200/276","2019-09-20 14:30:20","2019-09-20 14:30:20","ハット"
279,"200/276","2019-09-20 14:30:20","2019-09-20 14:30:20","ニットキャップ/ビーニー"
280,"200/276","2019-09-20 14:30:20","2019-09-20 14:30:20","ハンチング/ベレー帽"
281,"200/276","2019-09-20 14:30:20","2019-09-20 14:30:20","キャスケット"
282,"200/276","2019-09-20 14:30:20","2019-09-20 14:30:20","サンバイザー"
283,"200/276","2019-09-20 14:30:20","2019-09-20 14:30:20","その他"
284,"200","2019-09-20 14:30:20","2019-09-20 14:30:20","アクセサリー"
285,"200/284","2019-09-20 14:30:20","2019-09-20 14:30:20","ネックレス"
286,"200/284","2019-09-20 14:30:20","2019-09-20 14:30:20","ブレスレット"
287,"200/284","2019-09-20 14:30:20","2019-09-20 14:30:20","バングル/リストバンド"
288,"200/284","2019-09-20 14:30:20","2019-09-20 14:30:20","リング"
289,"200/284","2019-09-20 14:30:20","2019-09-20 14:30:20","ピアス(片耳用)"
290,"200/284","2019-09-20 14:30:20","2019-09-20 14:30:20","ピアス(両耳用)"
291,"200/284","2019-09-20 14:30:20","2019-09-20 14:30:20","アンクレット"
292,"200/284","2019-09-20 14:30:20","2019-09-20 14:30:20","その他"
293,"200","2019-09-20 14:30:20","2019-09-20 14:30:20","小物"
294,"200/293","2019-09-20 14:30:20","2019-09-20 14:30:20","長財布"
295,"200/293","2019-09-20 14:30:20","2019-09-20 14:30:20","折り財布"
296,"200/293","2019-09-20 14:30:20","2019-09-20 14:30:20","マネークリップ"
297,"200/293","2019-09-20 14:30:20","2019-09-20 14:30:20","コインケース/小銭入れ"
298,"200/293","2019-09-20 14:30:20","2019-09-20 14:30:20","名刺入れ/定期入れ"
299,"200/293","2019-09-20 14:30:20","2019-09-20 14:30:20","キーケース"
300,"200/293","2019-09-20 14:30:20","2019-09-20 14:30:20","キーホルダー"
301,"200/293","2019-09-20 14:30:20","2019-09-20 14:30:20","ネクタイ"
302,"200/293","2019-09-20 14:30:20","2019-09-20 14:30:20","手袋"
303,"200/293","2019-09-20 14:30:20","2019-09-20 14:30:20","ハンカチ"
304,"200/293","2019-09-20 14:30:20","2019-09-20 14:30:20","ベルト"
305,"200/293","2019-09-20 14:30:20","2019-09-20 14:30:20","マフラー"
306,"200/293","2019-09-20 14:30:20","2019-09-20 14:30:20","ストール"
307,"200/293","2019-09-20 14:30:20","2019-09-20 14:30:20","バンダナ"
308,"200/293","2019-09-20 14:30:20","2019-09-20 14:30:20","ネックウォーマー"
309,"200/293","2019-09-20 14:30:20","2019-09-20 14:30:20","サスペンダー"
310,"200/293","2019-09-20 14:30:20","2019-09-20 14:30:20","ウォレットチェーン"
311,"200/293","2019-09-20 14:30:20","2019-09-20 14:30:20","サングラス/メガネ"
312,"200/293","2019-09-20 14:30:20","2019-09-20 14:30:20","モバイルケース/カバー"
313,"200/293","2019-09-20 14:30:20","2019-09-20 14:30:20","手帳"
314,"200/293","2019-09-20 14:30:20","2019-09-20 14:30:20","ストラップ"
315,"200/293","2019-09-20 14:30:20","2019-09-20 14:30:20","ネクタイピン"
316,"200/293","2019-09-20 14:30:20","2019-09-20 14:30:20","カフリンクス"
317,"200/293","2019-09-20 14:30:20","2019-09-20 14:30:20","イヤマフラー"
318,"200/293","2019-09-20 14:30:20","2019-09-20 14:30:20","傘"
319,"200/293","2019-09-20 14:30:20","2019-09-20 14:30:20","レインコート"
320,"200/293","2019-09-20 14:30:20","2019-09-20 14:30:20","ミラー"
321,"200/293","2019-09-20 14:30:20","2019-09-20 14:30:20","タバコグッズ"
322,"200/293","2019-09-20 14:30:20","2019-09-20 14:30:20","その他"
323,"200","2019-09-20 14:30:20","2019-09-20 14:30:20","時計"
324,"200/323","2019-09-20 14:30:20","2019-09-20 14:30:20","腕時計(アナログ)"
325,"200/323","2019-09-20 14:30:20","2019-09-20 14:30:20","腕時計(デジタル)"
326,"200/323","2019-09-20 14:30:20","2019-09-20 14:30:20","ラバーベルト"
327,"200/323","2019-09-20 14:30:20","2019-09-20 14:30:20","レザーベルト"
328,"200/323","2019-09-20 14:30:20","2019-09-20 14:30:20","金属ベルト"
329,"200/323","2019-09-20 14:30:20","2019-09-20 14:30:20","その他"
330,"200","2019-09-20 14:30:20","2019-09-20 14:30:20","水着"
331,"200/330","2019-09-20 14:30:20","2019-09-20 14:30:20","一般水着"
332,"200/330","2019-09-20 14:30:20","2019-09-20 14:30:20","スポーツ用"
333,"200/330","2019-09-20 14:30:20","2019-09-20 14:30:20","アクセサリー"
334,"200/330","2019-09-20 14:30:20","2019-09-20 14:30:20","その他"
335,"200","2019-09-20 14:30:20","2019-09-20 14:30:20","レッグウェア"
336,"200/335","2019-09-20 14:30:20","2019-09-20 14:30:20","ソックス"
337,"200/335","2019-09-20 14:30:20","2019-09-20 14:30:20","レギンス/スパッツ"
338,"200/335","2019-09-20 14:30:20","2019-09-20 14:30:20","レッグウォーマー"
339,"200/335","2019-09-20 14:30:20","2019-09-20 14:30:20","その他"
340,"200","2019-09-20 14:30:20","2019-09-20 14:30:20","アンダーウェア"
341,"200/340","2019-09-20 14:30:20","2019-09-20 14:30:20","トランクス"
342,"200/340","2019-09-20 14:30:20","2019-09-20 14:30:20","ボクサーパンツ"
343,"200/340","2019-09-20 14:30:20","2019-09-20 14:30:20","その他"
344,"200","2019-09-20 14:30:20","2019-09-20 14:30:20","その他"
345,NULL,"2019-09-20 14:30:20","2019-09-20 14:30:20","ベビー・キッズ"
346,"345","2019-09-20 14:30:20","2019-09-20 14:30:20","ベビー服(女の子用)  ~95cm"
347,"345/346","2019-09-20 14:30:20","2019-09-20 14:30:20","トップス"
348,"345/346","2019-09-20 14:30:20","2019-09-20 14:30:20","アウター"
349,"345/346","2019-09-20 14:30:20","2019-09-20 14:30:20","パンツ"
350,"345/346","2019-09-20 14:30:20","2019-09-20 14:30:20","スカート"
351,"345/346","2019-09-20 14:30:20","2019-09-20 14:30:20","ワンピース"
352,"345/346","2019-09-20 14:30:20","2019-09-20 14:30:20","ベビードレス"
353,"345/346","2019-09-20 14:30:20","2019-09-20 14:30:20","おくるみ"
354,"345/346","2019-09-20 14:30:20","2019-09-20 14:30:20","下着/肌着"
355,"345/346","2019-09-20 14:30:20","2019-09-20 14:30:20","パジャマ"
356,"345/346","2019-09-20 14:30:20","2019-09-20 14:30:20","ロンパース"
357,"345/346","2019-09-20 14:30:20","2019-09-20 14:30:20","その他"
358,"345","2019-09-20 14:30:20","2019-09-20 14:30:20","ベビー服(男の子用)  ~95cm"
359,"345/358","2019-09-20 14:30:20","2019-09-20 14:30:20","トップス"
360,"345/358","2019-09-20 14:30:20","2019-09-20 14:30:20","アウター"
361,"345/358","2019-09-20 14:30:20","2019-09-20 14:30:20","パンツ"
362,"345/358","2019-09-20 14:30:20","2019-09-20 14:30:20","おくるみ"
363,"345/358","2019-09-20 14:30:20","2019-09-20 14:30:20","下着/肌着"
364,"345/358","2019-09-20 14:30:20","2019-09-20 14:30:20","パジャマ"
365,"345/358","2019-09-20 14:30:20","2019-09-20 14:30:20","ロンパース"
366,"345/358","2019-09-20 14:30:20","2019-09-20 14:30:20","その他"
367,"345","2019-09-20 14:30:20","2019-09-20 14:30:20","ベビー服(男女兼用)  ~95cm"
368,"345/367","2019-09-20 14:30:20","2019-09-20 14:30:20","トップス"
369,"345/367","2019-09-20 14:30:20","2019-09-20 14:30:20","アウター"
370,"345/367","2019-09-20 14:30:20","2019-09-20 14:30:20","パンツ"
371,"345/367","2019-09-20 14:30:20","2019-09-20 14:30:20","おくるみ"
372,"345/367","2019-09-20 14:30:20","2019-09-20 14:30:20","下着/肌着"
373,"345/367","2019-09-20 14:30:20","2019-09-20 14:30:20","パジャマ"
374,"345/367","2019-09-20 14:30:20","2019-09-20 14:30:20","ロンパース"
375,"345/367","2019-09-20 14:30:20","2019-09-20 14:30:20","その他"
376,"345","2019-09-20 14:30:20","2019-09-20 14:30:20","キッズ服(女の子用) 100cm~"
377,"345/376","2019-09-20 14:30:20","2019-09-20 14:30:20","コート"
378,"345/376","2019-09-20 14:30:20","2019-09-20 14:30:20","ジャケット/上着"
379,"345/376","2019-09-20 14:30:20","2019-09-20 14:30:20","トップス(Tシャツ/カットソー)"
380,"345/376","2019-09-20 14:30:20","2019-09-20 14:30:20","トップス(トレーナー)"
381,"345/376","2019-09-20 14:30:20","2019-09-20 14:30:20","トップス(チュニック)"
382,"345/376","2019-09-20 14:30:20","2019-09-20 14:30:20","トップス(タンクトップ)"
383,"345/376","2019-09-20 14:30:20","2019-09-20 14:30:20","トップス(その他)"
384,"345/376","2019-09-20 14:30:20","2019-09-20 14:30:20","スカート"
385,"345/376","2019-09-20 14:30:20","2019-09-20 14:30:20","パンツ"
386,"345/376","2019-09-20 14:30:20","2019-09-20 14:30:20","ワンピース"
387,"345/376","2019-09-20 14:30:20","2019-09-20 14:30:20","セットアップ"
388,"345/376","2019-09-20 14:30:20","2019-09-20 14:30:20","パジャマ"
389,"345/376","2019-09-20 14:30:20","2019-09-20 14:30:20","フォーマル/ドレス"
390,"345/376","2019-09-20 14:30:20","2019-09-20 14:30:20","和服"
391,"345/376","2019-09-20 14:30:20","2019-09-20 14:30:20","浴衣"
392,"345/376","2019-09-20 14:30:20","2019-09-20 14:30:20","甚平"
393,"345/376","2019-09-20 14:30:20","2019-09-20 14:30:20","水着"
394,"345/376","2019-09-20 14:30:20","2019-09-20 14:30:20","その他"
395,"345","2019-09-20 14:30:20","2019-09-20 14:30:20","キッズ服(男の子用) 100cm~"
396,"345/395","2019-09-20 14:30:20","2019-09-20 14:30:20","コート"
397,"345/395","2019-09-20 14:30:20","2019-09-20 14:30:20","ジャケット/上着"
398,"345/395","2019-09-20 14:30:20","2019-09-20 14:30:20","トップス(Tシャツ/カットソー)"
399,"345/395","2019-09-20 14:30:20","2019-09-20 14:30:20","トップス(トレーナー)"
400,"345/395","2019-09-20 14:30:20","2019-09-20 14:30:20","トップス(その他)"
401,"345/395","2019-09-20 14:30:20","2019-09-20 14:30:20","パンツ"
402,"345/395","2019-09-20 14:30:20","2019-09-20 14:30:20","セットアップ"
403,"345/395","2019-09-20 14:30:20","2019-09-20 14:30:20","パジャマ"
404,"345/395","2019-09-20 14:30:20","2019-09-20 14:30:20","フォーマル/ドレス"
405,"345/395","2019-09-20 14:30:20","2019-09-20 14:30:20","和服"
406,"345/395","2019-09-20 14:30:20","2019-09-20 14:30:20","浴衣"
407,"345/395","2019-09-20 14:30:20","2019-09-20 14:30:20","甚平"
408,"345/395","2019-09-20 14:30:20","2019-09-20 14:30:20","水着"
409,"345/395","2019-09-20 14:30:20","2019-09-20 14:30:20","その他"
410,"345","2019-09-20 14:30:20","2019-09-20 14:30:20","キッズ服(男女兼用) 100cm~"
411,"345/410","2019-09-20 14:30:20","2019-09-20 14:30:20","コート"
412,"345/410","2019-09-20 14:30:20","2019-09-20 14:30:20","ジャケット/上着"
413,"345/410","2019-09-20 14:30:20","2019-09-20 14:30:20","トップス(Tシャツ/カットソー)"
414,"345/410","2019-09-20 14:30:20","2019-09-20 14:30:20","トップス(トレーナー)"
415,"345/410","2019-09-20 14:30:20","2019-09-20 14:30:20","トップス(その他)"
416,"345/410","2019-09-20 14:30:20","2019-09-20 14:30:20","ボトムス"
417,"345/410","2019-09-20 14:30:20","2019-09-20 14:30:20","パジャマ"
418,"345/410","2019-09-20 14:30:20","2019-09-20 14:30:20","その他"
419,"345","2019-09-20 14:30:20","2019-09-20 14:30:20","キッズ靴"
420,"345/419","2019-09-20 14:30:20","2019-09-20 14:30:20","スニーカー"
421,"345/419","2019-09-20 14:30:20","2019-09-20 14:30:20","サンダル"
422,"345/419","2019-09-20 14:30:20","2019-09-20 14:30:20","ブーツ"
423,"345/419","2019-09-20 14:30:20","2019-09-20 14:30:20","長靴"
424,"345/419","2019-09-20 14:30:20","2019-09-20 14:30:20","その他"
425,"345","2019-09-20 14:30:20","2019-09-20 14:30:20","子ども用ファッション小物"
426,"345/425","2019-09-20 14:30:20","2019-09-20 14:30:20","靴下/スパッツ"
427,"345/425","2019-09-20 14:30:20","2019-09-20 14:30:20","帽子"
428,"345/425","2019-09-20 14:30:20","2019-09-20 14:30:20","エプロン"
429,"345/425","2019-09-20 14:30:20","2019-09-20 14:30:20","サスペンダー"
430,"345/425","2019-09-20 14:30:20","2019-09-20 14:30:20","タイツ"
431,"345/425","2019-09-20 14:30:20","2019-09-20 14:30:20","ハンカチ"
432,"345/425","2019-09-20 14:30:20","2019-09-20 14:30:20","バンダナ"
433,"345/425","2019-09-20 14:30:20","2019-09-20 14:30:20","ベルト"
434,"345/425","2019-09-20 14:30:20","2019-09-20 14:30:20","マフラー"
435,"345/425","2019-09-20 14:30:20","2019-09-20 14:30:20","傘"
436,"345/425","2019-09-20 14:30:20","2019-09-20 14:30:20","手袋"
437,"345/425","2019-09-20 14:30:20","2019-09-20 14:30:20","スタイ"
438,"345/425","2019-09-20 14:30:20","2019-09-20 14:30:20","バッグ"
439,"345/425","2019-09-20 14:30:20","2019-09-20 14:30:20","その他"
440,"345","2019-09-20 14:30:20","2019-09-20 14:30:20","おむつ/トイレ/バス"
441,"345/440","2019-09-20 14:30:20","2019-09-20 14:30:20","おむつ用品"
442,"345/440","2019-09-20 14:30:20","2019-09-20 14:30:20","おまる/補助便座"
443,"345/440","2019-09-20 14:30:20","2019-09-20 14:30:20","トレーニングパンツ"
444,"345/440","2019-09-20 14:30:20","2019-09-20 14:30:20","ベビーバス"
445,"345/440","2019-09-20 14:30:20","2019-09-20 14:30:20","お風呂用品"
446,"345/440","2019-09-20 14:30:20","2019-09-20 14:30:20","その他"
447,"345","2019-09-20 14:30:20","2019-09-20 14:30:20","外出/移動用品"
448,"345/447","2019-09-20 14:30:20","2019-09-20 14:30:20","ベビーカー"
449,"345/447","2019-09-20 14:30:20","2019-09-20 14:30:20","抱っこひも/スリング"
450,"345/447","2019-09-20 14:30:20","2019-09-20 14:30:20","チャイルドシート"
451,"345/447","2019-09-20 14:30:20","2019-09-20 14:30:20","その他"
452,"345","2019-09-20 14:30:20","2019-09-20 14:30:20","授乳/食事"
453,"345/452","2019-09-20 14:30:20","2019-09-20 14:30:20","ミルク"
454,"345/452","2019-09-20 14:30:20","2019-09-20 14:30:20","ベビーフード"
455,"345/452","2019-09-20 14:30:20","2019-09-20 14:30:20","ベビー用食器"
456,"345/452","2019-09-20 14:30:20","2019-09-20 14:30:20","その他"
457,"345","2019-09-20 14:30:20","2019-09-20 14:30:20","ベビー家具/寝具/室内用品"
458,"345/457","2019-09-20 14:30:20","2019-09-20 14:30:20","ベッド"
459,"345/457","2019-09-20 14:30:20","2019-09-20 14:30:20","布団/毛布"
460,"345/457","2019-09-20 14:30:20","2019-09-20 14:30:20","イス"
461,"345/457","2019-09-20 14:30:20","2019-09-20 14:30:20","たんす"
462,"345/457","2019-09-20 14:30:20","2019-09-20 14:30:20","その他"
463,"345","2019-09-20 14:30:20","2019-09-20 14:30:20","おもちゃ"
464,"345/463","2019-09-20 14:30:20","2019-09-20 14:30:20","おふろのおもちゃ"
465,"345/463","2019-09-20 14:30:20","2019-09-20 14:30:20","がらがら"
466,"345/463","2019-09-20 14:30:20","2019-09-20 14:30:20","オルゴール"
467,"345/463","2019-09-20 14:30:20","2019-09-20 14:30:20","ベビージム"
468,"345/463","2019-09-20 14:30:20","2019-09-20 14:30:20","手押し車/カタカタ"
469,"345/463","2019-09-20 14:30:20","2019-09-20 14:30:20","知育玩具"
470,"345/463","2019-09-20 14:30:20","2019-09-20 14:30:20","その他"
471,"345","2019-09-20 14:30:20","2019-09-20 14:30:20","行事/記念品"
472,"345/471","2019-09-20 14:30:20","2019-09-20 14:30:20","お宮参り用品"
473,"345/471","2019-09-20 14:30:20","2019-09-20 14:30:20","お食い初め用品"
474,"345/471","2019-09-20 14:30:20","2019-09-20 14:30:20","アルバム"
475,"345/471","2019-09-20 14:30:20","2019-09-20 14:30:20","手形/足形"
476,"345/471","2019-09-20 14:30:20","2019-09-20 14:30:20","その他"
477,"345","2019-09-20 14:30:20","2019-09-20 14:30:20","その他"
478,"345/477","2019-09-20 14:30:20","2019-09-20 14:30:20","母子手帳用品"
479,"345/477","2019-09-20 14:30:20","2019-09-20 14:30:20","その他"
480,NULL,"2019-09-20 14:30:20","2019-09-20 14:30:20","インテリア・住まい・小物"
481,"480","2019-09-20 14:30:20","2019-09-20 14:30:20","キッチン/食器"
482,"480/481","2019-09-20 14:30:20","2019-09-20 14:30:20","食器"
483,"480/481","2019-09-20 14:30:20","2019-09-20 14:30:20","調理器具"
484,"480/481","2019-09-20 14:30:20","2019-09-20 14:30:20","収納/キッチン雑貨"
485,"480/481","2019-09-20 14:30:20","2019-09-20 14:30:20","弁当用品"
486,"480/481","2019-09-20 14:30:20","2019-09-20 14:30:20","カトラリー(スプーン等)"
487,"480/481","2019-09-20 14:30:20","2019-09-20 14:30:20","テーブル用品"
488,"480/481","2019-09-20 14:30:20","2019-09-20 14:30:20","容器"
489,"480/481","2019-09-20 14:30:20","2019-09-20 14:30:20","エプロン"
490,"480/481","2019-09-20 14:30:20","2019-09-20 14:30:20","アルコールグッズ"
491,"480/481","2019-09-20 14:30:20","2019-09-20 14:30:20","浄水機"
492,"480/481","2019-09-20 14:30:20","2019-09-20 14:30:20","その他"
493,"480","2019-09-20 14:30:20","2019-09-20 14:30:20","ベッド/マットレス"
494,"480/493","2019-09-20 14:30:20","2019-09-20 14:30:20","セミシングルベッド"
495,"480/493","2019-09-20 14:30:20","2019-09-20 14:30:20","シングルベッド"
496,"480/493","2019-09-20 14:30:20","2019-09-20 14:30:20","セミダブルベッド"
497,"480/493","2019-09-20 14:30:20","2019-09-20 14:30:20","ダブルベッド"
498,"480/493","2019-09-20 14:30:20","2019-09-20 14:30:20","ワイドダブルベッド"
499,"480/493","2019-09-20 14:30:20","2019-09-20 14:30:20","クイーンベッド"
500,"480/493","2019-09-20 14:30:20","2019-09-20 14:30:20","キングベッド"
501,"480/493","2019-09-20 14:30:20","2019-09-20 14:30:20","脚付きマットレスベッド"
502,"480/493","2019-09-20 14:30:20","2019-09-20 14:30:20","マットレス"
503,"480/493","2019-09-20 14:30:20","2019-09-20 14:30:20","すのこベッド"
504,"480/493","2019-09-20 14:30:20","2019-09-20 14:30:20","ロフトベッド/システムベッド"
505,"480/493","2019-09-20 14:30:20","2019-09-20 14:30:20","簡易ベッド/折りたたみベッド"
506,"480/493","2019-09-20 14:30:20","2019-09-20 14:30:20","収納付き"
507,"480/493","2019-09-20 14:30:20","2019-09-20 14:30:20","その他"
508,"480","2019-09-20 14:30:20","2019-09-20 14:30:20","ソファ/ソファベッド"
509,"480/508","2019-09-20 14:30:20","2019-09-20 14:30:20","ソファセット"
510,"480/508","2019-09-20 14:30:21","2019-09-20 14:30:21","シングルソファ"
511,"480/508","2019-09-20 14:30:21","2019-09-20 14:30:21","ラブソファ"
512,"480/508","2019-09-20 14:30:21","2019-09-20 14:30:21","トリプルソファ"
513,"480/508","2019-09-20 14:30:21","2019-09-20 14:30:21","オットマン"
514,"480/508","2019-09-20 14:30:21","2019-09-20 14:30:21","コーナーソファ"
515,"480/508","2019-09-20 14:30:21","2019-09-20 14:30:21","ビーズソファ/クッションソファ"
516,"480/508","2019-09-20 14:30:21","2019-09-20 14:30:21","ローソファ/フロアソファ"
517,"480/508","2019-09-20 14:30:21","2019-09-20 14:30:21","ソファベッド"
518,"480/508","2019-09-20 14:30:21","2019-09-20 14:30:21","応接セット"
519,"480/508","2019-09-20 14:30:21","2019-09-20 14:30:21","ソファカバー"
520,"480/508","2019-09-20 14:30:21","2019-09-20 14:30:21","リクライニングソファ"
521,"480/508","2019-09-20 14:30:21","2019-09-20 14:30:21","その他"
522,"480","2019-09-20 14:30:21","2019-09-20 14:30:21","椅子/チェア"
523,"480/522","2019-09-20 14:30:21","2019-09-20 14:30:21","一般"
524,"480/522","2019-09-20 14:30:21","2019-09-20 14:30:21","スツール"
525,"480/522","2019-09-20 14:30:21","2019-09-20 14:30:21","ダイニングチェア"
526,"480/522","2019-09-20 14:30:21","2019-09-20 14:30:21","ハイバックチェア"
527,"480/522","2019-09-20 14:30:21","2019-09-20 14:30:21","ロッキングチェア"
528,"480/522","2019-09-20 14:30:21","2019-09-20 14:30:21","座椅子"
529,"480/522","2019-09-20 14:30:21","2019-09-20 14:30:21","折り畳みイス"
530,"480/522","2019-09-20 14:30:21","2019-09-20 14:30:21","デスクチェア"
531,"480/522","2019-09-20 14:30:21","2019-09-20 14:30:21","その他"
532,"480","2019-09-20 14:30:21","2019-09-20 14:30:21","机/テーブル"
533,"480/532","2019-09-20 14:30:21","2019-09-20 14:30:21","こたつ"
534,"480/532","2019-09-20 14:30:21","2019-09-20 14:30:21","カウンターテーブル"
535,"480/532","2019-09-20 14:30:21","2019-09-20 14:30:21","サイドテーブル"
536,"480/532","2019-09-20 14:30:21","2019-09-20 14:30:21","センターテーブル"
537,"480/532","2019-09-20 14:30:21","2019-09-20 14:30:21","ダイニングテーブル"
538,"480/532","2019-09-20 14:30:21","2019-09-20 14:30:21","座卓/ちゃぶ台"
539,"480/532","2019-09-20 14:30:21","2019-09-20 14:30:21","アウトドア用"
540,"480/532","2019-09-20 14:30:21","2019-09-20 14:30:21","パソコン用"
541,"480/532","2019-09-20 14:30:21","2019-09-20 14:30:21","事務机/学習机"
542,"480/532","2019-09-20 14:30:21","2019-09-20 14:30:21","その他"
543,"480","2019-09-20 14:30:21","2019-09-20 14:30:21","収納家具"
544,"480/543","2019-09-20 14:30:21","2019-09-20 14:30:21","リビング収納"
545,"480/543","2019-09-20 14:30:21","2019-09-20 14:30:21","キッチン収納"
546,"480/543","2019-09-20 14:30:21","2019-09-20 14:30:21","玄関/屋外収納"
547,"480/543","2019-09-20 14:30:21","2019-09-20 14:30:21","バス/トイレ収納"
548,"480/543","2019-09-20 14:30:21","2019-09-20 14:30:21","本収納"
549,"480/543","2019-09-20 14:30:21","2019-09-20 14:30:21","本/CD/DVD収納"
550,"480/543","2019-09-20 14:30:21","2019-09-20 14:30:21","洋服タンス/押入れ収納"
551,"480/543","2019-09-20 14:30:21","2019-09-20 14:30:21","電話台/ファックス台"
552,"480/543","2019-09-20 14:30:21","2019-09-20 14:30:21","ドレッサー/鏡台"
553,"480/543","2019-09-20 14:30:21","2019-09-20 14:30:21","棚/ラック"
554,"480/543","2019-09-20 14:30:21","2019-09-20 14:30:21","ケース/ボックス"
555,"480/543","2019-09-20 14:30:21","2019-09-20 14:30:21","その他"
556,"480","2019-09-20 14:30:21","2019-09-20 14:30:21","ラグ/カーペット/マット"
557,"480/556","2019-09-20 14:30:21","2019-09-20 14:30:21","ラグ"
558,"480/556","2019-09-20 14:30:21","2019-09-20 14:30:21","カーペット"
559,"480/556","2019-09-20 14:30:21","2019-09-20 14:30:21","ホットカーペット"
560,"480/556","2019-09-20 14:30:21","2019-09-20 14:30:21","玄関/キッチンマット"
561,"480/556","2019-09-20 14:30:21","2019-09-20 14:30:21","トイレ/バスマット"
562,"480/556","2019-09-20 14:30:21","2019-09-20 14:30:21","その他"
563,"480","2019-09-20 14:30:21","2019-09-20 14:30:21","カーテン/ブラインド"
564,"480/563","2019-09-20 14:30:21","2019-09-20 14:30:21","カーテン"
565,"480/563","2019-09-20 14:30:21","2019-09-20 14:30:21","ブラインド"
566,"480/563","2019-09-20 14:30:21","2019-09-20 14:30:21","ロールスクリーン"
567,"480/563","2019-09-20 14:30:21","2019-09-20 14:30:21","のれん"
568,"480/563","2019-09-20 14:30:21","2019-09-20 14:30:21","その他"
569,"480","2019-09-20 14:30:21","2019-09-20 14:30:21","ライト/照明"
570,"480/569","2019-09-20 14:30:21","2019-09-20 14:30:21","蛍光灯/電球"
571,"480/569","2019-09-20 14:30:21","2019-09-20 14:30:21","天井照明"
572,"480/569","2019-09-20 14:30:21","2019-09-20 14:30:21","フロアスタンド"
573,"480/569","2019-09-20 14:30:21","2019-09-20 14:30:21","その他"
574,"480","2019-09-20 14:30:21","2019-09-20 14:30:21","寝具"
575,"480/574","2019-09-20 14:30:21","2019-09-20 14:30:21","布団/毛布"
576,"480/574","2019-09-20 14:30:21","2019-09-20 14:30:21","枕"
577,"480/574","2019-09-20 14:30:21","2019-09-20 14:30:21","シーツ/カバー"
578,"480/574","2019-09-20 14:30:21","2019-09-20 14:30:21","その他"
579,"480","2019-09-20 14:30:21","2019-09-20 14:30:21","インテリア小物"
580,"480/579","2019-09-20 14:30:21","2019-09-20 14:30:21","ごみ箱"
581,"480/579","2019-09-20 14:30:21","2019-09-20 14:30:21","ウェルカムボード"
582,"480/579","2019-09-20 14:30:21","2019-09-20 14:30:21","オルゴール"
583,"480/579","2019-09-20 14:30:21","2019-09-20 14:30:21","クッション"
584,"480/579","2019-09-20 14:30:21","2019-09-20 14:30:21","クッションカバー"
585,"480/579","2019-09-20 14:30:21","2019-09-20 14:30:21","スリッパラック"
586,"480/579","2019-09-20 14:30:21","2019-09-20 14:30:21","ティッシュボックス"
587,"480/579","2019-09-20 14:30:21","2019-09-20 14:30:21","バスケット/かご"
588,"480/579","2019-09-20 14:30:21","2019-09-20 14:30:21","フォトフレーム"
589,"480/579","2019-09-20 14:30:21","2019-09-20 14:30:21","マガジンラック"
590,"480/579","2019-09-20 14:30:21","2019-09-20 14:30:21","モビール"
591,"480/579","2019-09-20 14:30:21","2019-09-20 14:30:21","花瓶"
592,"480/579","2019-09-20 14:30:21","2019-09-20 14:30:21","灰皿"
593,"480/579","2019-09-20 14:30:21","2019-09-20 14:30:21","傘立て"
594,"480/579","2019-09-20 14:30:21","2019-09-20 14:30:21","小物入れ"
595,"480/579","2019-09-20 14:30:21","2019-09-20 14:30:21","置時計"
596,"480/579","2019-09-20 14:30:21","2019-09-20 14:30:21","掛時計/柱時計"
597,"480/579","2019-09-20 14:30:21","2019-09-20 14:30:21","鏡(立て掛け式)"
598,"480/579","2019-09-20 14:30:21","2019-09-20 14:30:21","鏡(壁掛け式)"
599,"480/579","2019-09-20 14:30:21","2019-09-20 14:30:21","置物"
600,"480/579","2019-09-20 14:30:21","2019-09-20 14:30:21","風鈴"
601,"480/579","2019-09-20 14:30:21","2019-09-20 14:30:21","植物/観葉植物"
602,"480/579","2019-09-20 14:30:21","2019-09-20 14:30:21","その他"
603,"480","2019-09-20 14:30:21","2019-09-20 14:30:21","季節/年中行事"
604,"480/603","2019-09-20 14:30:21","2019-09-20 14:30:21","正月"
605,"480/603","2019-09-20 14:30:21","2019-09-20 14:30:21","成人式"
606,"480/603","2019-09-20 14:30:21","2019-09-20 14:30:21","バレンタインデー"
607,"480/603","2019-09-20 14:30:21","2019-09-20 14:30:21","ひな祭り"
608,"480/603","2019-09-20 14:30:21","2019-09-20 14:30:21","子どもの日"
609,"480/603","2019-09-20 14:30:21","2019-09-20 14:30:21","母の日"
610,"480/603","2019-09-20 14:30:21","2019-09-20 14:30:21","父の日"
611,"480/603","2019-09-20 14:30:21","2019-09-20 14:30:21","サマーギフト/お中元"
612,"480/603","2019-09-20 14:30:21","2019-09-20 14:30:21","夏/夏休み"
613,"480/603","2019-09-20 14:30:21","2019-09-20 14:30:21","ハロウィン"
614,"480/603","2019-09-20 14:30:21","2019-09-20 14:30:21","敬老の日"
615,"480/603","2019-09-20 14:30:21","2019-09-20 14:30:21","七五三"
616,"480/603","2019-09-20 14:30:21","2019-09-20 14:30:21","お歳暮"
617,"480/603","2019-09-20 14:30:21","2019-09-20 14:30:21","クリスマス"
618,"480/603","2019-09-20 14:30:21","2019-09-20 14:30:21","冬一般"
619,"480/603","2019-09-20 14:30:21","2019-09-20 14:30:21","その他"
620,"480","2019-09-20 14:30:21","2019-09-20 14:30:21","その他"
621,NULL,"2019-09-20 14:30:21","2019-09-20 14:30:21","本・音楽・ゲーム"
622,"621","2019-09-20 14:30:21","2019-09-20 14:30:21","本"
623,"621/622","2019-09-20 14:30:21","2019-09-20 14:30:21","文学/小説"
624,"621/622","2019-09-20 14:30:21","2019-09-20 14:30:21","人文/社会"
625,"621/622","2019-09-20 14:30:21","2019-09-20 14:30:21","ノンフィクション/教養"
626,"621/622","2019-09-20 14:30:21","2019-09-20 14:30:21","地図/旅行ガイド"
627,"621/622","2019-09-20 14:30:21","2019-09-20 14:30:21","ビジネス/経済"
628,"621/622","2019-09-20 14:30:21","2019-09-20 14:30:21","健康/医学"
629,"621/622","2019-09-20 14:30:21","2019-09-20 14:30:21","コンピュータ/IT"
630,"621/622","2019-09-20 14:30:21","2019-09-20 14:30:21","趣味/スポーツ/実用"
631,"621/622","2019-09-20 14:30:21","2019-09-20 14:30:21","住まい/暮らし/子育て"
632,"621/622","2019-09-20 14:30:21","2019-09-20 14:30:21","アート/エンタメ"
633,"621/622","2019-09-20 14:30:21","2019-09-20 14:30:21","洋書"
634,"621/622","2019-09-20 14:30:21","2019-09-20 14:30:21","絵本"
635,"621/622","2019-09-20 14:30:21","2019-09-20 14:30:21","参考書"
636,"621/622","2019-09-20 14:30:21","2019-09-20 14:30:21","その他"
637,"621","2019-09-20 14:30:21","2019-09-20 14:30:21","漫画"
638,"621/637","2019-09-20 14:30:21","2019-09-20 14:30:21","全巻セット"
639,"621/637","2019-09-20 14:30:21","2019-09-20 14:30:21","少年漫画"
640,"621/637","2019-09-20 14:30:21","2019-09-20 14:30:21","少女漫画"
641,"621/637","2019-09-20 14:30:21","2019-09-20 14:30:21","青年漫画"
642,"621/637","2019-09-20 14:30:21","2019-09-20 14:30:21","女性漫画"
643,"621/637","2019-09-20 14:30:21","2019-09-20 14:30:21","同人誌"
644,"621/637","2019-09-20 14:30:21","2019-09-20 14:30:21","その他"
645,"621","2019-09-20 14:30:21","2019-09-20 14:30:21","雑誌"
646,"621/645","2019-09-20 14:30:21","2019-09-20 14:30:21","アート/エンタメ/ホビー"
647,"621/645","2019-09-20 14:30:21","2019-09-20 14:30:21","ファッション"
648,"621/645","2019-09-20 14:30:21","2019-09-20 14:30:21","ニュース/総合"
649,"621/645","2019-09-20 14:30:21","2019-09-20 14:30:21","趣味/スポーツ"
650,"621/645","2019-09-20 14:30:21","2019-09-20 14:30:21","その他"
651,"621","2019-09-20 14:30:21","2019-09-20 14:30:21","CD"
652,"621/651","2019-09-20 14:30:21","2019-09-20 14:30:21","邦楽"
653,"621/651","2019-09-20 14:30:21","2019-09-20 14:30:21","洋楽"
654,"621/651","2019-09-20 14:30:21","2019-09-20 14:30:21","アニメ"
655,"621/651","2019-09-20 14:30:21","2019-09-20 14:30:21","クラシック"
656,"621/651","2019-09-20 14:30:21","2019-09-20 14:30:21","K-POP/アジア"
657,"621/651","2019-09-20 14:30:21","2019-09-20 14:30:21","キッズ/ファミリー"
658,"621/651","2019-09-20 14:30:21","2019-09-20 14:30:21","その他"
659,"621","2019-09-20 14:30:21","2019-09-20 14:30:21","DVD/ブルーレイ"
660,"621/659","2019-09-20 14:30:21","2019-09-20 14:30:21","外国映画"
661,"621/659","2019-09-20 14:30:21","2019-09-20 14:30:21","日本映画"
662,"621/659","2019-09-20 14:30:21","2019-09-20 14:30:21","アニメ"
663,"621/659","2019-09-20 14:30:21","2019-09-20 14:30:21","TVドラマ"
664,"621/659","2019-09-20 14:30:21","2019-09-20 14:30:21","ミュージック"
665,"621/659","2019-09-20 14:30:21","2019-09-20 14:30:21","お笑い/バラエティ"
666,"621/659","2019-09-20 14:30:21","2019-09-20 14:30:21","スポーツ/フィットネス"
667,"621/659","2019-09-20 14:30:21","2019-09-20 14:30:21","キッズ/ファミリー"
668,"621/659","2019-09-20 14:30:21","2019-09-20 14:30:21","その他"
669,"621","2019-09-20 14:30:21","2019-09-20 14:30:21","レコード"
670,"621/669","2019-09-20 14:30:21","2019-09-20 14:30:21","邦楽"
671,"621/669","2019-09-20 14:30:21","2019-09-20 14:30:21","洋楽"
672,"621/669","2019-09-20 14:30:21","2019-09-20 14:30:21","その他"
673,"621","2019-09-20 14:30:21","2019-09-20 14:30:21","テレビゲーム"
674,"621/673","2019-09-20 14:30:21","2019-09-20 14:30:21","家庭用ゲーム本体"
675,"621/673","2019-09-20 14:30:21","2019-09-20 14:30:21","家庭用ゲームソフト"
676,"621/673","2019-09-20 14:30:21","2019-09-20 14:30:21","携帯用ゲーム本体"
677,"621/673","2019-09-20 14:30:21","2019-09-20 14:30:21","携帯用ゲームソフト"
678,"621/673","2019-09-20 14:30:21","2019-09-20 14:30:21","PCゲーム"
679,"621/673","2019-09-20 14:30:21","2019-09-20 14:30:21","その他"
680,NULL,"2019-09-20 14:30:21","2019-09-20 14:30:21","おもちゃ・ホビー・グッズ"
681,"680","2019-09-20 14:30:21","2019-09-20 14:30:21","おもちゃ"
682,"680/681","2019-09-20 14:30:21","2019-09-20 14:30:21","キャラクターグッズ"
683,"680/681","2019-09-20 14:30:21","2019-09-20 14:30:21","ぬいぐるみ"
684,"680/681","2019-09-20 14:30:21","2019-09-20 14:30:21","小物/アクセサリー"
685,"680/681","2019-09-20 14:30:21","2019-09-20 14:30:21","模型/プラモデル"
686,"680/681","2019-09-20 14:30:21","2019-09-20 14:30:21","ミニカー"
687,"680/681","2019-09-20 14:30:21","2019-09-20 14:30:21","トイラジコン"
688,"680/681","2019-09-20 14:30:21","2019-09-20 14:30:21","プラモデル"
689,"680/681","2019-09-20 14:30:21","2019-09-20 14:30:21","ホビーラジコン"
690,"680/681","2019-09-20 14:30:21","2019-09-20 14:30:21","鉄道模型"
691,"680/681","2019-09-20 14:30:21","2019-09-20 14:30:21","その他"
692,"680","2019-09-20 14:30:21","2019-09-20 14:30:21","タレントグッズ"
693,"680/692","2019-09-20 14:30:21","2019-09-20 14:30:21","アイドル"
694,"680/692","2019-09-20 14:30:21","2019-09-20 14:30:21","ミュージシャン"
695,"680/692","2019-09-20 14:30:21","2019-09-20 14:30:21","タレント/お笑い芸人"
696,"680/692","2019-09-20 14:30:21","2019-09-20 14:30:21","スポーツ選手"
697,"680/692","2019-09-20 14:30:21","2019-09-20 14:30:21","その他"
698,"680","2019-09-20 14:30:21","2019-09-20 14:30:21","コミック/アニメグッズ"
699,"680/698","2019-09-20 14:30:21","2019-09-20 14:30:21","ストラップ"
700,"680/698","2019-09-20 14:30:21","2019-09-20 14:30:21","キーホルダー"
701,"680/698","2019-09-20 14:30:21","2019-09-20 14:30:21","バッジ"
702,"680/698","2019-09-20 14:30:21","2019-09-20 14:30:21","カード"
703,"680/698","2019-09-20 14:30:21","2019-09-20 14:30:21","クリアファイル"
704,"680/698","2019-09-20 14:30:21","2019-09-20 14:30:21","ポスター"
705,"680/698","2019-09-20 14:30:21","2019-09-20 14:30:21","タオル"
706,"680/698","2019-09-20 14:30:21","2019-09-20 14:30:21","その他"
707,"680","2019-09-20 14:30:21","2019-09-20 14:30:21","トレーディングカード"
708,"680/707","2019-09-20 14:30:21","2019-09-20 14:30:21","遊戯王"
709,"680/707","2019-09-20 14:30:21","2019-09-20 14:30:21","マジック：ザ・ギャザリング"
710,"680/707","2019-09-20 14:30:21","2019-09-20 14:30:21","ポケモンカードゲーム"
711,"680/707","2019-09-20 14:30:21","2019-09-20 14:30:21","デュエルマスターズ"
712,"680/707","2019-09-20 14:30:21","2019-09-20 14:30:21","バトルスピリッツ"
713,"680/707","2019-09-20 14:30:21","2019-09-20 14:30:21","プリパラ"
714,"680/707","2019-09-20 14:30:21","2019-09-20 14:30:21","アイカツ"
715,"680/707","2019-09-20 14:30:21","2019-09-20 14:30:21","カードファイト!! ヴァンガード"
716,"680/707","2019-09-20 14:30:21","2019-09-20 14:30:21","ヴァイスシュヴァルツ"
717,"680/707","2019-09-20 14:30:21","2019-09-20 14:30:21","プロ野球オーナーズリーグ"
718,"680/707","2019-09-20 14:30:21","2019-09-20 14:30:21","ベースボールヒーローズ"
719,"680/707","2019-09-20 14:30:21","2019-09-20 14:30:21","ドラゴンボール"
720,"680/707","2019-09-20 14:30:21","2019-09-20 14:30:21","スリーブ"
721,"680/707","2019-09-20 14:30:21","2019-09-20 14:30:21","その他"
722,"680","2019-09-20 14:30:21","2019-09-20 14:30:21","フィギュア"
723,"680/722","2019-09-20 14:30:21","2019-09-20 14:30:21","コミック/アニメ"
724,"680/722","2019-09-20 14:30:21","2019-09-20 14:30:21","特撮"
725,"680/722","2019-09-20 14:30:21","2019-09-20 14:30:21","ゲームキャラクター"
726,"680/722","2019-09-20 14:30:21","2019-09-20 14:30:21","SF/ファンタジー/ホラー"
727,"680/722","2019-09-20 14:30:21","2019-09-20 14:30:21","アメコミ"
728,"680/722","2019-09-20 14:30:21","2019-09-20 14:30:21","スポーツ"
729,"680/722","2019-09-20 14:30:21","2019-09-20 14:30:21","ミリタリー"
730,"680/722","2019-09-20 14:30:21","2019-09-20 14:30:21","その他"
731,"680","2019-09-20 14:30:21","2019-09-20 14:30:21","楽器/器材"
732,"680/731","2019-09-20 14:30:21","2019-09-20 14:30:21","エレキギター"
733,"680/731","2019-09-20 14:30:21","2019-09-20 14:30:21","アコースティックギター"
734,"680/731","2019-09-20 14:30:21","2019-09-20 14:30:21","ベース"
735,"680/731","2019-09-20 14:30:21","2019-09-20 14:30:21","エフェクター"
736,"680/731","2019-09-20 14:30:21","2019-09-20 14:30:21","アンプ"
737,"680/731","2019-09-20 14:30:21","2019-09-20 14:30:21","弦楽器"
738,"680/731","2019-09-20 14:30:21","2019-09-20 14:30:21","管楽器"
739,"680/731","2019-09-20 14:30:21","2019-09-20 14:30:21","鍵盤楽器"
740,"680/731","2019-09-20 14:30:21","2019-09-20 14:30:21","打楽器"
741,"680/731","2019-09-20 14:30:21","2019-09-20 14:30:21","和楽器"
742,"680/731","2019-09-20 14:30:21","2019-09-20 14:30:21","楽譜/スコア"
743,"680/731","2019-09-20 14:30:21","2019-09-20 14:30:21","レコーディング/PA機器"
744,"680/731","2019-09-20 14:30:21","2019-09-20 14:30:21","DJ機器"
745,"680/731","2019-09-20 14:30:21","2019-09-20 14:30:21","DTM/DAW"
746,"680/731","2019-09-20 14:30:21","2019-09-20 14:30:21","その他"
747,"680","2019-09-20 14:30:21","2019-09-20 14:30:21","コレクション"
748,"680/747","2019-09-20 14:30:21","2019-09-20 14:30:21","武具"
749,"680/747","2019-09-20 14:30:21","2019-09-20 14:30:21","使用済切手/官製はがき"
750,"680/747","2019-09-20 14:30:21","2019-09-20 14:30:21","旧貨幣/金貨/銀貨/記念硬貨"
751,"680/747","2019-09-20 14:30:21","2019-09-20 14:30:21","印刷物"
752,"680/747","2019-09-20 14:30:21","2019-09-20 14:30:21","ノベルティグッズ"
753,"680/747","2019-09-20 14:30:21","2019-09-20 14:30:21","その他"
754,"680","2019-09-20 14:30:21","2019-09-20 14:30:21","ミリタリー"
755,"680/754","2019-09-20 14:30:21","2019-09-20 14:30:21","トイガン"
756,"680/754","2019-09-20 14:30:21","2019-09-20 14:30:21","個人装備"
757,"680/754","2019-09-20 14:30:21","2019-09-20 14:30:21","その他"
758,"680","2019-09-20 14:30:21","2019-09-20 14:30:21","美術品"
759,"680/758","2019-09-20 14:30:21","2019-09-20 14:30:21","陶芸"
760,"680/758","2019-09-20 14:30:21","2019-09-20 14:30:21","ガラス"
761,"680/758","2019-09-20 14:30:21","2019-09-20 14:30:21","漆芸"
762,"680/758","2019-09-20 14:30:21","2019-09-20 14:30:21","金属工芸"
763,"680/758","2019-09-20 14:30:21","2019-09-20 14:30:21","絵画/タペストリ"
764,"680/758","2019-09-20 14:30:21","2019-09-20 14:30:21","版画"
765,"680/758","2019-09-20 14:30:21","2019-09-20 14:30:21","彫刻/オブジェクト"
766,"680/758","2019-09-20 14:30:21","2019-09-20 14:30:21","書"
767,"680/758","2019-09-20 14:30:21","2019-09-20 14:30:21","写真"
768,"680/758","2019-09-20 14:30:21","2019-09-20 14:30:21","その他"
769,"680","2019-09-20 14:30:21","2019-09-20 14:30:21","アート用品"
770,"680/769","2019-09-20 14:30:21","2019-09-20 14:30:21","画材"
771,"680/769","2019-09-20 14:30:21","2019-09-20 14:30:21","額縁"
772,"680/769","2019-09-20 14:30:21","2019-09-20 14:30:21","その他"
773,"680","2019-09-20 14:30:21","2019-09-20 14:30:21","その他"
774,"680/773","2019-09-20 14:30:21","2019-09-20 14:30:21","トランプ/UNO"
775,"680/773","2019-09-20 14:30:21","2019-09-20 14:30:21","カルタ/百人一首"
776,"680/773","2019-09-20 14:30:21","2019-09-20 14:30:21","ダーツ"
777,"680/773","2019-09-20 14:30:21","2019-09-20 14:30:21","ビリヤード"
778,"680/773","2019-09-20 14:30:21","2019-09-20 14:30:21","麻雀"
779,"680/773","2019-09-20 14:30:21","2019-09-20 14:30:21","パズル/ジグソーパズル"
780,"680/773","2019-09-20 14:30:21","2019-09-20 14:30:21","囲碁/将棋"
781,"680/773","2019-09-20 14:30:21","2019-09-20 14:30:21","オセロ/チェス"
782,"680/773","2019-09-20 14:30:21","2019-09-20 14:30:21","人生ゲーム"
783,"680/773","2019-09-20 14:30:21","2019-09-20 14:30:21","野球/サッカーゲーム"
784,"680/773","2019-09-20 14:30:21","2019-09-20 14:30:21","スポーツ"
785,"680/773","2019-09-20 14:30:21","2019-09-20 14:30:21","三輪車/乗り物"
786,"680/773","2019-09-20 14:30:21","2019-09-20 14:30:21","ヨーヨー"
787,"680/773","2019-09-20 14:30:21","2019-09-20 14:30:21","模型製作用品"
788,"680/773","2019-09-20 14:30:21","2019-09-20 14:30:21","鉄道"
789,"680/773","2019-09-20 14:30:21","2019-09-20 14:30:21","航空機"
790,"680/773","2019-09-20 14:30:21","2019-09-20 14:30:21","アマチュア無線"
791,"680/773","2019-09-20 14:30:21","2019-09-20 14:30:21","パチンコ/パチスロ"
792,"680/773","2019-09-20 14:30:21","2019-09-20 14:30:21","その他"
793,NULL,"2019-09-20 14:30:21","2019-09-20 14:30:21","コスメ・香水・美容"
794,"793","2019-09-20 14:30:21","2019-09-20 14:30:21","ベースメイク"
795,"793/794","2019-09-20 14:30:21","2019-09-20 14:30:21","ファンデーション"
796,"793/794","2019-09-20 14:30:21","2019-09-20 14:30:21","化粧下地"
797,"793/794","2019-09-20 14:30:21","2019-09-20 14:30:21","コントロールカラー"
798,"793/794","2019-09-20 14:30:21","2019-09-20 14:30:21","BBクリーム"
799,"793/794","2019-09-20 14:30:21","2019-09-20 14:30:21","CCクリーム"
800,"793/794","2019-09-20 14:30:21","2019-09-20 14:30:21","コンシーラー"
801,"793/794","2019-09-20 14:30:21","2019-09-20 14:30:21","フェイスパウダー"
802,"793/794","2019-09-20 14:30:21","2019-09-20 14:30:21","トライアルセット/サンプル"
803,"793/794","2019-09-20 14:30:21","2019-09-20 14:30:21","その他"
804,"793","2019-09-20 14:30:21","2019-09-20 14:30:21","メイクアップ"
805,"793/804","2019-09-20 14:30:21","2019-09-20 14:30:21","アイシャドウ"
806,"793/804","2019-09-20 14:30:21","2019-09-20 14:30:21","口紅"
807,"793/804","2019-09-20 14:30:21","2019-09-20 14:30:21","リップグロス"
808,"793/804","2019-09-20 14:30:21","2019-09-20 14:30:21","リップライナー"
809,"793/804","2019-09-20 14:30:21","2019-09-20 14:30:21","チーク"
810,"793/804","2019-09-20 14:30:21","2019-09-20 14:30:21","フェイスカラー"
811,"793/804","2019-09-20 14:30:21","2019-09-20 14:30:21","マスカラ"
812,"793/804","2019-09-20 14:30:21","2019-09-20 14:30:21","アイライナー"
813,"793/804","2019-09-20 14:30:21","2019-09-20 14:30:21","つけまつげ"
814,"793/804","2019-09-20 14:30:21","2019-09-20 14:30:21","アイブロウペンシル"
815,"793/804","2019-09-20 14:30:21","2019-09-20 14:30:21","パウダーアイブロウ"
816,"793/804","2019-09-20 14:30:21","2019-09-20 14:30:21","眉マスカラ"
817,"793/804","2019-09-20 14:30:21","2019-09-20 14:30:21","トライアルセット/サンプル"
818,"793/804","2019-09-20 14:30:21","2019-09-20 14:30:21","メイク道具/化粧小物"
819,"793/804","2019-09-20 14:30:21","2019-09-20 14:30:21","美顔用品/美顔ローラー"
820,"793/804","2019-09-20 14:30:21","2019-09-20 14:30:21","その他"
821,"793","2019-09-20 14:30:21","2019-09-20 14:30:21","ネイルケア"
822,"793/821","2019-09-20 14:30:21","2019-09-20 14:30:21","ネイルカラー"
823,"793/821","2019-09-20 14:30:21","2019-09-20 14:30:21","カラージェル"
824,"793/821","2019-09-20 14:30:21","2019-09-20 14:30:21","ネイルベースコート/トップコート"
825,"793/821","2019-09-20 14:30:21","2019-09-20 14:30:21","ネイルアート用品"
826,"793/821","2019-09-20 14:30:21","2019-09-20 14:30:21","ネイルパーツ"
827,"793/821","2019-09-20 14:30:21","2019-09-20 14:30:21","ネイルチップ/付け爪"
828,"793/821","2019-09-20 14:30:21","2019-09-20 14:30:21","手入れ用具"
829,"793/821","2019-09-20 14:30:21","2019-09-20 14:30:21","除光液"
830,"793/821","2019-09-20 14:30:21","2019-09-20 14:30:21","その他"
831,"793","2019-09-20 14:30:21","2019-09-20 14:30:21","香水"
832,"793/831","2019-09-20 14:30:21","2019-09-20 14:30:21","香水(女性用)"
833,"793/831","2019-09-20 14:30:21","2019-09-20 14:30:21","香水(男性用)"
834,"793/831","2019-09-20 14:30:21","2019-09-20 14:30:21","ユニセックス"
835,"793/831","2019-09-20 14:30:21","2019-09-20 14:30:21","ボディミスト"
836,"793/831","2019-09-20 14:30:21","2019-09-20 14:30:21","その他"
837,"793","2019-09-20 14:30:21","2019-09-20 14:30:21","スキンケア/基礎化粧品"
838,"793/837","2019-09-20 14:30:21","2019-09-20 14:30:21","化粧水/ローション"
839,"793/837","2019-09-20 14:30:21","2019-09-20 14:30:21","乳液/ミルク"
840,"793/837","2019-09-20 14:30:21","2019-09-20 14:30:21","美容液"
841,"793/837","2019-09-20 14:30:21","2019-09-20 14:30:21","フェイスクリーム"
842,"793/837","2019-09-20 14:30:21","2019-09-20 14:30:21","洗顔料"
843,"793/837","2019-09-20 14:30:21","2019-09-20 14:30:21","クレンジング/メイク落とし"
844,"793/837","2019-09-20 14:30:21","2019-09-20 14:30:21","パック/フェイスマスク"
845,"793/837","2019-09-20 14:30:21","2019-09-20 14:30:21","ジェル/ゲル"
846,"793/837","2019-09-20 14:30:21","2019-09-20 14:30:21","ブースター/導入液"
847,"793/837","2019-09-20 14:30:21","2019-09-20 14:30:21","アイケア"
848,"793/837","2019-09-20 14:30:21","2019-09-20 14:30:21","リップケア"
849,"793/837","2019-09-20 14:30:21","2019-09-20 14:30:21","トライアルセット/サンプル"
850,"793/837","2019-09-20 14:30:21","2019-09-20 14:30:21","洗顔グッズ"
851,"793/837","2019-09-20 14:30:21","2019-09-20 14:30:21","その他"
852,"793","2019-09-20 14:30:21","2019-09-20 14:30:21","ヘアケア"
853,"793/852","2019-09-20 14:30:21","2019-09-20 14:30:21","シャンプー"
854,"793/852","2019-09-20 14:30:21","2019-09-20 14:30:21","トリートメント"
855,"793/852","2019-09-20 14:30:21","2019-09-20 14:30:21","コンディショナー"
856,"793/852","2019-09-20 14:30:21","2019-09-20 14:30:21","リンス"
857,"793/852","2019-09-20 14:30:22","2019-09-20 14:30:22","スタイリング剤"
858,"793/852","2019-09-20 14:30:22","2019-09-20 14:30:22","カラーリング剤"
859,"793/852","2019-09-20 14:30:22","2019-09-20 14:30:22","ブラシ"
860,"793/852","2019-09-20 14:30:22","2019-09-20 14:30:22","その他"
861,"793","2019-09-20 14:30:22","2019-09-20 14:30:22","ボディケア"
862,"793/861","2019-09-20 14:30:22","2019-09-20 14:30:22","オイル/クリーム"
863,"793/861","2019-09-20 14:30:22","2019-09-20 14:30:22","ハンドクリーム"
864,"793/861","2019-09-20 14:30:22","2019-09-20 14:30:22","ローション"
865,"793/861","2019-09-20 14:30:22","2019-09-20 14:30:22","日焼け止め/サンオイル"
866,"793/861","2019-09-20 14:30:22","2019-09-20 14:30:22","ボディソープ"
867,"793/861","2019-09-20 14:30:22","2019-09-20 14:30:22","入浴剤"
868,"793/861","2019-09-20 14:30:22","2019-09-20 14:30:22","制汗/デオドラント"
869,"793/861","2019-09-20 14:30:22","2019-09-20 14:30:22","フットケア"
870,"793/861","2019-09-20 14:30:22","2019-09-20 14:30:22","その他"
871,"793","2019-09-20 14:30:22","2019-09-20 14:30:22","オーラルケア"
872,"793/871","2019-09-20 14:30:22","2019-09-20 14:30:22","口臭防止/エチケット用品"
873,"793/871","2019-09-20 14:30:22","2019-09-20 14:30:22","歯ブラシ"
874,"793/871","2019-09-20 14:30:22","2019-09-20 14:30:22","その他"
875,"793","2019-09-20 14:30:22","2019-09-20 14:30:22","リラクゼーション"
876,"793/875","2019-09-20 14:30:22","2019-09-20 14:30:22","エッセンシャルオイル"
877,"793/875","2019-09-20 14:30:22","2019-09-20 14:30:22","芳香器"
878,"793/875","2019-09-20 14:30:22","2019-09-20 14:30:22","お香/香炉"
879,"793/875","2019-09-20 14:30:22","2019-09-20 14:30:22","キャンドル"
880,"793/875","2019-09-20 14:30:22","2019-09-20 14:30:22","リラクゼーショングッズ"
881,"793/875","2019-09-20 14:30:22","2019-09-20 14:30:22","その他"
882,"793","2019-09-20 14:30:22","2019-09-20 14:30:22","ダイエット"
883,"793/882","2019-09-20 14:30:22","2019-09-20 14:30:22","ダイエット食品"
884,"793/882","2019-09-20 14:30:22","2019-09-20 14:30:22","エクササイズ用品"
885,"793/882","2019-09-20 14:30:22","2019-09-20 14:30:22","体重計"
886,"793/882","2019-09-20 14:30:22","2019-09-20 14:30:22","体脂肪計"
887,"793/882","2019-09-20 14:30:22","2019-09-20 14:30:22","その他"
888,"793","2019-09-20 14:30:22","2019-09-20 14:30:22","その他"
889,"793/888","2019-09-20 14:30:22","2019-09-20 14:30:22","健康用品"
890,"793/888","2019-09-20 14:30:22","2019-09-20 14:30:22","看護/介護用品"
891,"793/888","2019-09-20 14:30:22","2019-09-20 14:30:22","救急/衛生用品"
892,"793/888","2019-09-20 14:30:22","2019-09-20 14:30:22","その他"
893,NULL,"2019-09-20 14:30:22","2019-09-20 14:30:22","家電・スマホ・カメラ"
894,"893","2019-09-20 14:30:22","2019-09-20 14:30:22","スマートフォン/携帯電話"
895,"893/894","2019-09-20 14:30:22","2019-09-20 14:30:22","スマートフォン本体"
896,"893/894","2019-09-20 14:30:22","2019-09-20 14:30:22","バッテリー/充電器"
897,"893/894","2019-09-20 14:30:22","2019-09-20 14:30:22","携帯電話本体"
898,"893/894","2019-09-20 14:30:22","2019-09-20 14:30:22","PHS本体"
899,"893/894","2019-09-20 14:30:22","2019-09-20 14:30:22","その他"
900,"893","2019-09-20 14:30:22","2019-09-20 14:30:22","スマホアクセサリー"
901,"893/900","2019-09-20 14:30:22","2019-09-20 14:30:22","Android用ケース"
902,"893/900","2019-09-20 14:30:22","2019-09-20 14:30:22","iPhone用ケース"
903,"893/900","2019-09-20 14:30:22","2019-09-20 14:30:22","カバー"
904,"893/900","2019-09-20 14:30:22","2019-09-20 14:30:22","イヤホンジャック"
905,"893/900","2019-09-20 14:30:22","2019-09-20 14:30:22","ストラップ"
906,"893/900","2019-09-20 14:30:22","2019-09-20 14:30:22","フィルム"
907,"893/900","2019-09-20 14:30:22","2019-09-20 14:30:22","自撮り棒"
908,"893/900","2019-09-20 14:30:22","2019-09-20 14:30:22","その他"
909,"893","2019-09-20 14:30:22","2019-09-20 14:30:22","PC/タブレット"
910,"893/909","2019-09-20 14:30:22","2019-09-20 14:30:22","タブレット"
911,"893/909","2019-09-20 14:30:22","2019-09-20 14:30:22","ノートPC"
912,"893/909","2019-09-20 14:30:22","2019-09-20 14:30:22","デスクトップ型PC"
913,"893/909","2019-09-20 14:30:22","2019-09-20 14:30:22","ディスプレイ"
914,"893/909","2019-09-20 14:30:22","2019-09-20 14:30:22","電子ブックリーダー"
915,"893/909","2019-09-20 14:30:22","2019-09-20 14:30:22","PC周辺機器"
916,"893/909","2019-09-20 14:30:22","2019-09-20 14:30:22","PCパーツ"
917,"893/909","2019-09-20 14:30:22","2019-09-20 14:30:22","その他"
918,"893","2019-09-20 14:30:22","2019-09-20 14:30:22","カメラ"
919,"893/918","2019-09-20 14:30:22","2019-09-20 14:30:22","デジタルカメラ"
920,"893/918","2019-09-20 14:30:22","2019-09-20 14:30:22","ビデオカメラ"
921,"893/918","2019-09-20 14:30:22","2019-09-20 14:30:22","レンズ(単焦点)"
922,"893/918","2019-09-20 14:30:22","2019-09-20 14:30:22","レンズ(ズーム)"
923,"893/918","2019-09-20 14:30:22","2019-09-20 14:30:22","フィルムカメラ"
924,"893/918","2019-09-20 14:30:22","2019-09-20 14:30:22","防犯カメラ"
925,"893/918","2019-09-20 14:30:22","2019-09-20 14:30:22","その他"
926,"893","2019-09-20 14:30:22","2019-09-20 14:30:22","テレビ/映像機器"
927,"893/926","2019-09-20 14:30:22","2019-09-20 14:30:22","テレビ"
928,"893/926","2019-09-20 14:30:22","2019-09-20 14:30:22","プロジェクター"
929,"893/926","2019-09-20 14:30:22","2019-09-20 14:30:22","ブルーレイレコーダー"
930,"893/926","2019-09-20 14:30:22","2019-09-20 14:30:22","DVDレコーダー"
931,"893/926","2019-09-20 14:30:22","2019-09-20 14:30:22","ブルーレイプレーヤー"
932,"893/926","2019-09-20 14:30:22","2019-09-20 14:30:22","DVDプレーヤー"
933,"893/926","2019-09-20 14:30:22","2019-09-20 14:30:22","映像用ケーブル"
934,"893/926","2019-09-20 14:30:22","2019-09-20 14:30:22","その他"
935,"893","2019-09-20 14:30:22","2019-09-20 14:30:22","オーディオ機器"
936,"893/935","2019-09-20 14:30:22","2019-09-20 14:30:22","ポータブルプレーヤー"
937,"893/935","2019-09-20 14:30:22","2019-09-20 14:30:22","イヤフォン"
938,"893/935","2019-09-20 14:30:22","2019-09-20 14:30:22","ヘッドフォン"
939,"893/935","2019-09-20 14:30:22","2019-09-20 14:30:22","アンプ"
940,"893/935","2019-09-20 14:30:22","2019-09-20 14:30:22","スピーカー"
941,"893/935","2019-09-20 14:30:22","2019-09-20 14:30:22","ケーブル/シールド"
942,"893/935","2019-09-20 14:30:22","2019-09-20 14:30:22","ラジオ"
943,"893/935","2019-09-20 14:30:22","2019-09-20 14:30:22","その他"
944,"893","2019-09-20 14:30:22","2019-09-20 14:30:22","美容/健康"
945,"893/944","2019-09-20 14:30:22","2019-09-20 14:30:22","ヘアドライヤー"
946,"893/944","2019-09-20 14:30:22","2019-09-20 14:30:22","ヘアアイロン"
947,"893/944","2019-09-20 14:30:22","2019-09-20 14:30:22","美容機器"
948,"893/944","2019-09-20 14:30:22","2019-09-20 14:30:22","電気シェーバー"
949,"893/944","2019-09-20 14:30:22","2019-09-20 14:30:22","電動歯ブラシ"
950,"893/944","2019-09-20 14:30:22","2019-09-20 14:30:22","その他"
951,"893","2019-09-20 14:30:22","2019-09-20 14:30:22","冷暖房/空調"
952,"893/951","2019-09-20 14:30:22","2019-09-20 14:30:22","エアコン"
953,"893/951","2019-09-20 14:30:22","2019-09-20 14:30:22","空気清浄器"
954,"893/951","2019-09-20 14:30:22","2019-09-20 14:30:22","加湿器"
955,"893/951","2019-09-20 14:30:22","2019-09-20 14:30:22","扇風機"
956,"893/951","2019-09-20 14:30:22","2019-09-20 14:30:22","除湿機"
957,"893/951","2019-09-20 14:30:22","2019-09-20 14:30:22","ファンヒーター"
958,"893/951","2019-09-20 14:30:22","2019-09-20 14:30:22","電気ヒーター"
959,"893/951","2019-09-20 14:30:22","2019-09-20 14:30:22","オイルヒーター"
960,"893/951","2019-09-20 14:30:22","2019-09-20 14:30:22","ストーブ"
961,"893/951","2019-09-20 14:30:22","2019-09-20 14:30:22","ホットカーペット"
962,"893/951","2019-09-20 14:30:22","2019-09-20 14:30:22","こたつ"
963,"893/951","2019-09-20 14:30:22","2019-09-20 14:30:22","電気毛布"
964,"893/951","2019-09-20 14:30:22","2019-09-20 14:30:22","その他"
965,"893","2019-09-20 14:30:22","2019-09-20 14:30:22","生活家電"
966,"893/965","2019-09-20 14:30:22","2019-09-20 14:30:22","冷蔵庫"
967,"893/965","2019-09-20 14:30:22","2019-09-20 14:30:22","洗濯機"
968,"893/965","2019-09-20 14:30:22","2019-09-20 14:30:22","炊飯器"
969,"893/965","2019-09-20 14:30:22","2019-09-20 14:30:22","電子レンジ/オーブン"
970,"893/965","2019-09-20 14:30:22","2019-09-20 14:30:22","調理機器"
971,"893/965","2019-09-20 14:30:22","2019-09-20 14:30:22","アイロン"
972,"893/965","2019-09-20 14:30:22","2019-09-20 14:30:22","掃除機"
973,"893/965","2019-09-20 14:30:22","2019-09-20 14:30:22","エスプレッソマシン"
974,"893/965","2019-09-20 14:30:22","2019-09-20 14:30:22","コーヒーメーカー"
975,"893/965","2019-09-20 14:30:22","2019-09-20 14:30:22","衣類乾燥機"
976,"893/965","2019-09-20 14:30:22","2019-09-20 14:30:22","その他"
977,"893","2019-09-20 14:30:22","2019-09-20 14:30:22","その他"
978,"893/977","2019-09-20 14:30:22","2019-09-20 14:30:22","その他"
979,NULL,"2019-09-20 14:30:22","2019-09-20 14:30:22","スポーツ・レジャー"
980,"979","2019-09-20 14:30:22","2019-09-20 14:30:22","ゴルフ"
981,"979/980","2019-09-20 14:30:22","2019-09-20 14:30:22","クラブ"
982,"979/980","2019-09-20 14:30:22","2019-09-20 14:30:22","ウエア(男性用)"
983,"979/980","2019-09-20 14:30:22","2019-09-20 14:30:22","ウエア(女性用)"
984,"979/980","2019-09-20 14:30:22","2019-09-20 14:30:22","バッグ"
985,"979/980","2019-09-20 14:30:22","2019-09-20 14:30:22","シューズ(男性用)"
986,"979/980","2019-09-20 14:30:22","2019-09-20 14:30:22","シューズ(女性用)"
987,"979/980","2019-09-20 14:30:22","2019-09-20 14:30:22","アクセサリー"
988,"979/980","2019-09-20 14:30:22","2019-09-20 14:30:22","その他"
989,"979","2019-09-20 14:30:22","2019-09-20 14:30:22","フィッシング"
990,"979/989","2019-09-20 14:30:22","2019-09-20 14:30:22","ロッド"
991,"979/989","2019-09-20 14:30:22","2019-09-20 14:30:22","リール"
992,"979/989","2019-09-20 14:30:22","2019-09-20 14:30:22","ルアー用品"
993,"979/989","2019-09-20 14:30:22","2019-09-20 14:30:22","ウエア"
994,"979/989","2019-09-20 14:30:22","2019-09-20 14:30:22","釣り糸/ライン"
995,"979/989","2019-09-20 14:30:22","2019-09-20 14:30:22","その他"
996,"979","2019-09-20 14:30:22","2019-09-20 14:30:22","自転車"
997,"979/996","2019-09-20 14:30:22","2019-09-20 14:30:22","自転車本体"
998,"979/996","2019-09-20 14:30:22","2019-09-20 14:30:22","ウエア"
999,"979/996","2019-09-20 14:30:22","2019-09-20 14:30:22","パーツ"
1000,"979/996","2019-09-20 14:30:22","2019-09-20 14:30:22","アクセサリー"
1001,"979/996","2019-09-20 14:30:22","2019-09-20 14:30:22","バッグ"
1002,"979/996","2019-09-20 14:30:22","2019-09-20 14:30:22","工具/メンテナンス"
1003,"979/996","2019-09-20 14:30:22","2019-09-20 14:30:22","その他"
1004,"979","2019-09-20 14:30:22","2019-09-20 14:30:22","トレーニング/エクササイズ"
1005,"979/1004","2019-09-20 14:30:22","2019-09-20 14:30:22","ランニング"
1006,"979/1004","2019-09-20 14:30:22","2019-09-20 14:30:22","ウォーキング"
1007,"979/1004","2019-09-20 14:30:22","2019-09-20 14:30:22","ヨガ"
1008,"979/1004","2019-09-20 14:30:22","2019-09-20 14:30:22","トレーニング用品"
1009,"979/1004","2019-09-20 14:30:22","2019-09-20 14:30:22","その他"
1010,"979","2019-09-20 14:30:22","2019-09-20 14:30:22","野球"
1011,"979/1010","2019-09-20 14:30:22","2019-09-20 14:30:22","ウェア"
1012,"979/1010","2019-09-20 14:30:22","2019-09-20 14:30:22","シューズ"
1013,"979/1010","2019-09-20 14:30:22","2019-09-20 14:30:22","グローブ"
1014,"979/1010","2019-09-20 14:30:22","2019-09-20 14:30:22","バット"
1015,"979/1010","2019-09-20 14:30:22","2019-09-20 14:30:22","アクセサリー"
1016,"979/1010","2019-09-20 14:30:22","2019-09-20 14:30:22","防具"
1017,"979/1010","2019-09-20 14:30:22","2019-09-20 14:30:22","練習機器"
1018,"979/1010","2019-09-20 14:30:22","2019-09-20 14:30:22","記念グッズ"
1019,"979/1010","2019-09-20 14:30:22","2019-09-20 14:30:22","応援グッズ"
1020,"979/1010","2019-09-20 14:30:22","2019-09-20 14:30:22","その他"
1021,"979","2019-09-20 14:30:22","2019-09-20 14:30:22","サッカー/フットサル"
1022,"979/1021","2019-09-20 14:30:22","2019-09-20 14:30:22","ウェア"
1023,"979/1021","2019-09-20 14:30:22","2019-09-20 14:30:22","シューズ"
1024,"979/1021","2019-09-20 14:30:22","2019-09-20 14:30:22","ボール"
1025,"979/1021","2019-09-20 14:30:22","2019-09-20 14:30:22","アクセサリー"
1026,"979/1021","2019-09-20 14:30:22","2019-09-20 14:30:22","記念グッズ"
1027,"979/1021","2019-09-20 14:30:22","2019-09-20 14:30:22","応援グッズ"
1028,"979/1021","2019-09-20 14:30:22","2019-09-20 14:30:22","その他"
1029,"979","2019-09-20 14:30:22","2019-09-20 14:30:22","テニス"
1030,"979/1029","2019-09-20 14:30:22","2019-09-20 14:30:22","ラケット(硬式用)"
1031,"979/1029","2019-09-20 14:30:22","2019-09-20 14:30:22","ラケット(軟式用)"
1032,"979/1029","2019-09-20 14:30:22","2019-09-20 14:30:22","ウェア"
1033,"979/1029","2019-09-20 14:30:22","2019-09-20 14:30:22","シューズ"
1034,"979/1029","2019-09-20 14:30:22","2019-09-20 14:30:22","ボール"
1035,"979/1029","2019-09-20 14:30:22","2019-09-20 14:30:22","アクセサリー"
1036,"979/1029","2019-09-20 14:30:22","2019-09-20 14:30:22","記念グッズ"
1037,"979/1029","2019-09-20 14:30:22","2019-09-20 14:30:22","応援グッズ"
1038,"979/1029","2019-09-20 14:30:22","2019-09-20 14:30:22","その他"
1039,"979","2019-09-20 14:30:22","2019-09-20 14:30:22","スノーボード"
1040,"979/1039","2019-09-20 14:30:22","2019-09-20 14:30:22","ボード"
1041,"979/1039","2019-09-20 14:30:22","2019-09-20 14:30:22","バインディング"
1042,"979/1039","2019-09-20 14:30:22","2019-09-20 14:30:22","ブーツ(男性用)"
1043,"979/1039","2019-09-20 14:30:22","2019-09-20 14:30:22","ブーツ(女性用)"
1044,"979/1039","2019-09-20 14:30:22","2019-09-20 14:30:22","ブーツ(子ども用)"
1045,"979/1039","2019-09-20 14:30:22","2019-09-20 14:30:22","ウエア/装備(男性用)"
1046,"979/1039","2019-09-20 14:30:22","2019-09-20 14:30:22","ウエア/装備(女性用)"
1047,"979/1039","2019-09-20 14:30:22","2019-09-20 14:30:22","ウエア/装備(子ども用)"
1048,"979/1039","2019-09-20 14:30:22","2019-09-20 14:30:22","アクセサリー"
1049,"979/1039","2019-09-20 14:30:22","2019-09-20 14:30:22","バッグ"
1050,"979/1039","2019-09-20 14:30:22","2019-09-20 14:30:22","その他"
1051,"979","2019-09-20 14:30:22","2019-09-20 14:30:22","スキー"
1052,"979/1051","2019-09-20 14:30:22","2019-09-20 14:30:22","板"
1053,"979/1051","2019-09-20 14:30:22","2019-09-20 14:30:22","ブーツ(男性用)"
1054,"979/1051","2019-09-20 14:30:22","2019-09-20 14:30:22","ブーツ(女性用)"
1055,"979/1051","2019-09-20 14:30:22","2019-09-20 14:30:22","ブーツ(子ども用)"
1056,"979/1051","2019-09-20 14:30:22","2019-09-20 14:30:22","ビンディング"
1057,"979/1051","2019-09-20 14:30:22","2019-09-20 14:30:22","ウエア(男性用)"
1058,"979/1051","2019-09-20 14:30:22","2019-09-20 14:30:22","ウエア(女性用)"
1059,"979/1051","2019-09-20 14:30:22","2019-09-20 14:30:22","ウエア(子ども用)"
1060,"979/1051","2019-09-20 14:30:22","2019-09-20 14:30:22","ストック"
1061,"979/1051","2019-09-20 14:30:22","2019-09-20 14:30:22","その他"
1062,"979","2019-09-20 14:30:22","2019-09-20 14:30:22","その他スポーツ"
1063,"979/1062","2019-09-20 14:30:22","2019-09-20 14:30:22","ダンス/バレエ"
1064,"979/1062","2019-09-20 14:30:22","2019-09-20 14:30:22","サーフィン"
1065,"979/1062","2019-09-20 14:30:22","2019-09-20 14:30:22","バスケットボール"
1066,"979/1062","2019-09-20 14:30:22","2019-09-20 14:30:22","バドミントン"
1067,"979/1062","2019-09-20 14:30:22","2019-09-20 14:30:22","バレーボール"
1068,"979/1062","2019-09-20 14:30:22","2019-09-20 14:30:22","スケートボード"
1069,"979/1062","2019-09-20 14:30:22","2019-09-20 14:30:22","陸上競技"
1070,"979/1062","2019-09-20 14:30:22","2019-09-20 14:30:22","ラグビー"
1071,"979/1062","2019-09-20 14:30:22","2019-09-20 14:30:22","アメリカンフットボール"
1072,"979/1062","2019-09-20 14:30:22","2019-09-20 14:30:22","ボクシング"
1073,"979/1062","2019-09-20 14:30:22","2019-09-20 14:30:22","ボウリング"
1074,"979/1062","2019-09-20 14:30:22","2019-09-20 14:30:22","その他"
1075,"979","2019-09-20 14:30:22","2019-09-20 14:30:22","アウトドア"
1076,"979/1075","2019-09-20 14:30:22","2019-09-20 14:30:22","テント/タープ"
1077,"979/1075","2019-09-20 14:30:22","2019-09-20 14:30:22","ライト/ランタン"
1078,"979/1075","2019-09-20 14:30:22","2019-09-20 14:30:22","寝袋/寝具"
1079,"979/1075","2019-09-20 14:30:22","2019-09-20 14:30:22","テーブル/チェア"
1080,"979/1075","2019-09-20 14:30:22","2019-09-20 14:30:22","ストーブ/コンロ"
1081,"979/1075","2019-09-20 14:30:22","2019-09-20 14:30:22","調理器具"
1082,"979/1075","2019-09-20 14:30:22","2019-09-20 14:30:22","食器"
1083,"979/1075","2019-09-20 14:30:22","2019-09-20 14:30:22","登山用品"
1084,"979/1075","2019-09-20 14:30:22","2019-09-20 14:30:22","その他"
1085,"979","2019-09-20 14:30:22","2019-09-20 14:30:22","その他"
1086,"979/1085","2019-09-20 14:30:22","2019-09-20 14:30:22","旅行用品"
1087,"979/1085","2019-09-20 14:30:22","2019-09-20 14:30:22","その他"
1088,NULL,"2019-09-20 14:30:22","2019-09-20 14:30:22","ハンドメイド"
1089,"1088","2019-09-20 14:30:22","2019-09-20 14:30:22","アクセサリー(女性用)"
1090,"1088/1089","2019-09-20 14:30:22","2019-09-20 14:30:22","ピアス"
1091,"1088/1089","2019-09-20 14:30:22","2019-09-20 14:30:22","イヤリング"
1092,"1088/1089","2019-09-20 14:30:22","2019-09-20 14:30:22","ネックレス"
1093,"1088/1089","2019-09-20 14:30:22","2019-09-20 14:30:22","ブレスレット"
1094,"1088/1089","2019-09-20 14:30:22","2019-09-20 14:30:22","リング"
1095,"1088/1089","2019-09-20 14:30:22","2019-09-20 14:30:22","チャーム"
1096,"1088/1089","2019-09-20 14:30:22","2019-09-20 14:30:22","ヘアゴム"
1097,"1088/1089","2019-09-20 14:30:22","2019-09-20 14:30:22","アンクレット"
1098,"1088/1089","2019-09-20 14:30:22","2019-09-20 14:30:22","その他"
1099,"1088","2019-09-20 14:30:22","2019-09-20 14:30:22","ファッション/小物"
1100,"1088/1099","2019-09-20 14:30:22","2019-09-20 14:30:22","バッグ(女性用)"
1101,"1088/1099","2019-09-20 14:30:22","2019-09-20 14:30:22","バッグ(男性用)"
1102,"1088/1099","2019-09-20 14:30:22","2019-09-20 14:30:22","財布(女性用)"
1103,"1088/1099","2019-09-20 14:30:22","2019-09-20 14:30:22","財布(男性用)"
1104,"1088/1099","2019-09-20 14:30:22","2019-09-20 14:30:22","ファッション雑貨"
1105,"1088/1099","2019-09-20 14:30:22","2019-09-20 14:30:22","その他"
1106,"1088","2019-09-20 14:30:22","2019-09-20 14:30:22","アクセサリー/時計"
1107,"1088/1106","2019-09-20 14:30:22","2019-09-20 14:30:22","アクセサリー(男性用)"
1108,"1088/1106","2019-09-20 14:30:22","2019-09-20 14:30:22","時計(女性用)"
1109,"1088/1106","2019-09-20 14:30:22","2019-09-20 14:30:22","時計(男性用)"
1110,"1088/1106","2019-09-20 14:30:22","2019-09-20 14:30:22","その他"
1111,"1088","2019-09-20 14:30:22","2019-09-20 14:30:22","日用品/インテリア"
1112,"1088/1111","2019-09-20 14:30:22","2019-09-20 14:30:22","キッチン用品"
1113,"1088/1111","2019-09-20 14:30:22","2019-09-20 14:30:22","家具"
1114,"1088/1111","2019-09-20 14:30:22","2019-09-20 14:30:22","文房具"
1115,"1088/1111","2019-09-20 14:30:22","2019-09-20 14:30:22","アート/写真"
1116,"1088/1111","2019-09-20 14:30:22","2019-09-20 14:30:22","アロマ/キャンドル"
1117,"1088/1111","2019-09-20 14:30:22","2019-09-20 14:30:22","フラワー/ガーデン"
1118,"1088/1111","2019-09-20 14:30:22","2019-09-20 14:30:22","その他"
1119,"1088","2019-09-20 14:30:22","2019-09-20 14:30:22","趣味/おもちゃ"
1120,"1088/1119","2019-09-20 14:30:22","2019-09-20 14:30:22","クラフト/布製品"
1121,"1088/1119","2019-09-20 14:30:22","2019-09-20 14:30:22","おもちゃ/人形"
1122,"1088/1119","2019-09-20 14:30:22","2019-09-20 14:30:22","その他"
1123,"1088","2019-09-20 14:30:22","2019-09-20 14:30:22","キッズ/ベビー"
1124,"1088/1123","2019-09-20 14:30:22","2019-09-20 14:30:22","ファッション雑貨"
1125,"1088/1123","2019-09-20 14:30:22","2019-09-20 14:30:22","スタイ/よだれかけ"
1126,"1088/1123","2019-09-20 14:30:22","2019-09-20 14:30:22","外出用品"
1127,"1088/1123","2019-09-20 14:30:22","2019-09-20 14:30:22","ネームタグ"
1128,"1088/1123","2019-09-20 14:30:22","2019-09-20 14:30:22","その他"
1129,"1088","2019-09-20 14:30:22","2019-09-20 14:30:22","素材/材料"
1130,"1088/1129","2019-09-20 14:30:22","2019-09-20 14:30:22","各種パーツ"
1131,"1088/1129","2019-09-20 14:30:22","2019-09-20 14:30:22","生地/糸"
1132,"1088/1129","2019-09-20 14:30:22","2019-09-20 14:30:22","型紙/パターン"
1133,"1088/1129","2019-09-20 14:30:22","2019-09-20 14:30:22","その他"
1134,"1088","2019-09-20 14:30:22","2019-09-20 14:30:22","二次創作物"
1135,"1088/1134","2019-09-20 14:30:22","2019-09-20 14:30:22","Ingress"
1136,"1088/1134","2019-09-20 14:30:22","2019-09-20 14:30:22","クリエイターズ宇宙兄弟"
1137,"1088","2019-09-20 14:30:22","2019-09-20 14:30:22","その他"
1138,NULL,"2019-09-20 14:30:22","2019-09-20 14:30:22","チケット"
1139,"1138","2019-09-20 14:30:22","2019-09-20 14:30:22","音楽  "
1140,"1138/1139","2019-09-20 14:30:22","2019-09-20 14:30:22","男性アイドル"
1141,"1138/1139","2019-09-20 14:30:22","2019-09-20 14:30:22","女性アイドル"
1142,"1138/1139","2019-09-20 14:30:22","2019-09-20 14:30:22","韓流"
1143,"1138/1139","2019-09-20 14:30:22","2019-09-20 14:30:22","国内アーティスト"
1144,"1138/1139","2019-09-20 14:30:22","2019-09-20 14:30:22","海外アーティスト"
1145,"1138/1139","2019-09-20 14:30:22","2019-09-20 14:30:22","音楽フェス"
1146,"1138/1139","2019-09-20 14:30:22","2019-09-20 14:30:22","声優/アニメ"
1147,"1138/1139","2019-09-20 14:30:22","2019-09-20 14:30:22","その他"
1148,"1138","2019-09-20 14:30:22","2019-09-20 14:30:22","スポーツ"
1149,"1138/1148","2019-09-20 14:30:22","2019-09-20 14:30:22","サッカー"
1150,"1138/1148","2019-09-20 14:30:22","2019-09-20 14:30:22","野球"
1151,"1138/1148","2019-09-20 14:30:22","2019-09-20 14:30:22","テニス"
1152,"1138/1148","2019-09-20 14:30:22","2019-09-20 14:30:22","格闘技/プロレス"
1153,"1138/1148","2019-09-20 14:30:22","2019-09-20 14:30:22","相撲/武道"
1154,"1138/1148","2019-09-20 14:30:22","2019-09-20 14:30:22","ゴルフ"
1155,"1138/1148","2019-09-20 14:30:22","2019-09-20 14:30:22","バレーボール"
1156,"1138/1148","2019-09-20 14:30:22","2019-09-20 14:30:22","バスケットボール"
1157,"1138/1148","2019-09-20 14:30:22","2019-09-20 14:30:22","モータースポーツ"
1158,"1138/1148","2019-09-20 14:30:22","2019-09-20 14:30:22","ウィンタースポーツ"
1159,"1138/1148","2019-09-20 14:30:22","2019-09-20 14:30:22","その他"
1160,"1138","2019-09-20 14:30:22","2019-09-20 14:30:22","演劇/芸能"
1161,"1138/1160","2019-09-20 14:30:22","2019-09-20 14:30:22","ミュージカル"
1162,"1138/1160","2019-09-20 14:30:22","2019-09-20 14:30:22","演劇"
1163,"1138/1160","2019-09-20 14:30:22","2019-09-20 14:30:22","伝統芸能"
1164,"1138/1160","2019-09-20 14:30:22","2019-09-20 14:30:22","落語"
1165,"1138/1160","2019-09-20 14:30:22","2019-09-20 14:30:22","お笑い"
1166,"1138/1160","2019-09-20 14:30:22","2019-09-20 14:30:22","オペラ"
1167,"1138/1160","2019-09-20 14:30:22","2019-09-20 14:30:22","サーカス"
1168,"1138/1160","2019-09-20 14:30:22","2019-09-20 14:30:22","バレエ"
1169,"1138/1160","2019-09-20 14:30:22","2019-09-20 14:30:22","その他"
1170,"1138","2019-09-20 14:30:22","2019-09-20 14:30:22","イベント"
1171,"1138/1170","2019-09-20 14:30:22","2019-09-20 14:30:22","声優/アニメ"
1172,"1138/1170","2019-09-20 14:30:22","2019-09-20 14:30:22","キッズ/ファミリー"
1173,"1138/1170","2019-09-20 14:30:22","2019-09-20 14:30:22","トークショー/講演会"
1174,"1138/1170","2019-09-20 14:30:22","2019-09-20 14:30:22","その他"
1175,"1138","2019-09-20 14:30:22","2019-09-20 14:30:22","映画"
1176,"1138/1175","2019-09-20 14:30:22","2019-09-20 14:30:22","邦画"
1177,"1138/1175","2019-09-20 14:30:22","2019-09-20 14:30:22","洋画"
1178,"1138/1175","2019-09-20 14:30:22","2019-09-20 14:30:22","その他"
1179,"1138","2019-09-20 14:30:22","2019-09-20 14:30:22","施設利用券"
1180,"1138/1179","2019-09-20 14:30:22","2019-09-20 14:30:22","遊園地/テーマパーク"
1181,"1138/1179","2019-09-20 14:30:22","2019-09-20 14:30:22","美術館/博物館"
1182,"1138/1179","2019-09-20 14:30:22","2019-09-20 14:30:22","スキー場"
1183,"1138/1179","2019-09-20 14:30:22","2019-09-20 14:30:22","ゴルフ場"
1184,"1138/1179","2019-09-20 14:30:22","2019-09-20 14:30:22","フィットネスクラブ"
1185,"1138/1179","2019-09-20 14:30:22","2019-09-20 14:30:22","プール"
1186,"1138/1179","2019-09-20 14:30:22","2019-09-20 14:30:22","ボウリング場"
1187,"1138/1179","2019-09-20 14:30:22","2019-09-20 14:30:22","水族館"
1188,"1138/1179","2019-09-20 14:30:22","2019-09-20 14:30:22","動物園"
1189,"1138/1179","2019-09-20 14:30:22","2019-09-20 14:30:22","その他"
1190,"1138","2019-09-20 14:30:22","2019-09-20 14:30:22","優待券/割引券"
1191,"1138/1190","2019-09-20 14:30:22","2019-09-20 14:30:22","ショッピング"
1192,"1138/1190","2019-09-20 14:30:22","2019-09-20 14:30:22","レストラン/食事券"
1193,"1138/1190","2019-09-20 14:30:22","2019-09-20 14:30:22","フード/ドリンク券"
1194,"1138/1190","2019-09-20 14:30:22","2019-09-20 14:30:22","宿泊券"
1195,"1138/1190","2019-09-20 14:30:22","2019-09-20 14:30:22","その他"
1196,"1138","2019-09-20 14:30:22","2019-09-20 14:30:22","その他"
1197,NULL,"2019-09-20 14:30:22","2019-09-20 14:30:22","自動車・オートバイ"
1198,"1197","2019-09-20 14:30:22","2019-09-20 14:30:22","自動車本体"
1199,"1197/1198","2019-09-20 14:30:22","2019-09-20 14:30:22","国内自動車本体"
1200,"1197/1198","2019-09-20 14:30:22","2019-09-20 14:30:22","外国自動車本体"
1201,"1197","2019-09-20 14:30:22","2019-09-20 14:30:22","自動車タイヤ/ホイール"
1202,"1197/1201","2019-09-20 14:30:22","2019-09-20 14:30:22","タイヤ/ホイールセット"
1203,"1197/1201","2019-09-20 14:30:22","2019-09-20 14:30:22","タイヤ"
1204,"1197/1201","2019-09-20 14:30:22","2019-09-20 14:30:22","ホイール"
1205,"1197/1201","2019-09-20 14:30:22","2019-09-20 14:30:22","その他"
1206,"1197","2019-09-20 14:30:22","2019-09-20 14:30:22","自動車パーツ"
1207,"1197/1206","2019-09-20 14:30:22","2019-09-20 14:30:22","サスペンション"
1208,"1197/1206","2019-09-20 14:30:22","2019-09-20 14:30:22","ブレーキ"
1209,"1197/1206","2019-09-20 14:30:22","2019-09-20 14:30:22","外装、エアロパーツ"
1210,"1197/1206","2019-09-20 14:30:22","2019-09-20 14:30:22","ライト"
1211,"1197/1206","2019-09-20 14:30:22","2019-09-20 14:30:22","内装品、シート"
1212,"1197/1206","2019-09-20 14:30:22","2019-09-20 14:30:22","ステアリング"
1213,"1197/1206","2019-09-20 14:30:22","2019-09-20 14:30:22","マフラー・排気系"
1214,"1197/1206","2019-09-20 14:30:22","2019-09-20 14:30:22","エンジン、過給器、冷却装置"
1215,"1197/1206","2019-09-20 14:30:22","2019-09-20 14:30:22","クラッチ、ミッション、駆動系"
1216,"1197/1206","2019-09-20 14:30:22","2019-09-20 14:30:22","電装品"
1217,"1197/1206","2019-09-20 14:30:22","2019-09-20 14:30:22","補強パーツ"
1218,"1197/1206","2019-09-20 14:30:22","2019-09-20 14:30:22","汎用パーツ"
1219,"1197/1206","2019-09-20 14:30:22","2019-09-20 14:30:22","外国自動車用パーツ"
1220,"1197/1206","2019-09-20 14:30:22","2019-09-20 14:30:22","その他"
1221,"1197","2019-09-20 14:30:22","2019-09-20 14:30:22","自動車アクセサリー"
1222,"1197/1221","2019-09-20 14:30:22","2019-09-20 14:30:22","車内アクセサリー"
1223,"1197/1221","2019-09-20 14:30:22","2019-09-20 14:30:22","カーナビ"
1224,"1197/1221","2019-09-20 14:30:22","2019-09-20 14:30:22","カーオーディオ"
1225,"1197/1221","2019-09-20 14:30:22","2019-09-20 14:30:22","車外アクセサリー"
1226,"1197/1221","2019-09-20 14:30:22","2019-09-20 14:30:22","メンテナンス用品"
1227,"1197/1221","2019-09-20 14:30:22","2019-09-20 14:30:22","チャイルドシート"
1228,"1197/1221","2019-09-20 14:30:23","2019-09-20 14:30:23","ドライブレコーダー"
1229,"1197/1221","2019-09-20 14:30:23","2019-09-20 14:30:23","レーダー探知機"
1230,"1197/1221","2019-09-20 14:30:23","2019-09-20 14:30:23","カタログ/マニュアル"
1231,"1197/1221","2019-09-20 14:30:23","2019-09-20 14:30:23","セキュリティ"
1232,"1197/1221","2019-09-20 14:30:23","2019-09-20 14:30:23","ETC"
1233,"1197/1221","2019-09-20 14:30:23","2019-09-20 14:30:23","その他"
1234,"1197","2019-09-20 14:30:23","2019-09-20 14:30:23","オートバイ車体"
1235,"1197","2019-09-20 14:30:23","2019-09-20 14:30:23","オートバイパーツ"
1236,"1197/1235","2019-09-20 14:30:23","2019-09-20 14:30:23","タイヤ"
1237,"1197/1235","2019-09-20 14:30:23","2019-09-20 14:30:23","マフラー"
1238,"1197/1235","2019-09-20 14:30:23","2019-09-20 14:30:23","エンジン、冷却装置"
1239,"1197/1235","2019-09-20 14:30:23","2019-09-20 14:30:23","カウル、フェンダー、外装"
1240,"1197/1235","2019-09-20 14:30:23","2019-09-20 14:30:23","サスペンション"
1241,"1197/1235","2019-09-20 14:30:23","2019-09-20 14:30:23","ホイール"
1242,"1197/1235","2019-09-20 14:30:23","2019-09-20 14:30:23","シート"
1243,"1197/1235","2019-09-20 14:30:23","2019-09-20 14:30:23","ブレーキ"
1244,"1197/1235","2019-09-20 14:30:23","2019-09-20 14:30:23","タンク"
1245,"1197/1235","2019-09-20 14:30:23","2019-09-20 14:30:23","ライト、ウィンカー"
1246,"1197/1235","2019-09-20 14:30:23","2019-09-20 14:30:23","チェーン、スプロケット、駆動系"
1247,"1197/1235","2019-09-20 14:30:23","2019-09-20 14:30:23","メーター"
1248,"1197/1235","2019-09-20 14:30:23","2019-09-20 14:30:23","電装系"
1249,"1197/1235","2019-09-20 14:30:23","2019-09-20 14:30:23","ミラー"
1250,"1197/1235","2019-09-20 14:30:23","2019-09-20 14:30:23","外国オートバイ用パーツ"
1251,"1197/1235","2019-09-20 14:30:23","2019-09-20 14:30:23","その他"
1252,"1197","2019-09-20 14:30:23","2019-09-20 14:30:23","オートバイアクセサリー"
1253,"1197/1252","2019-09-20 14:30:23","2019-09-20 14:30:23","ヘルメット/シールド"
1254,"1197/1252","2019-09-20 14:30:23","2019-09-20 14:30:23","バイクウエア/装備"
1255,"1197/1252","2019-09-20 14:30:23","2019-09-20 14:30:23","アクセサリー"
1256,"1197/1252","2019-09-20 14:30:23","2019-09-20 14:30:23","メンテナンス"
1257,"1197/1252","2019-09-20 14:30:23","2019-09-20 14:30:23","カタログ/マニュアル"
1258,"1197/1252","2019-09-20 14:30:23","2019-09-20 14:30:23","その他"
1259,NULL,"2019-09-20 14:30:23","2019-09-20 14:30:23","その他"
1260,"1259","2019-09-20 14:30:23","2019-09-20 14:30:23","まとめ売り"
1261,"1259","2019-09-20 14:30:23","2019-09-20 14:30:23","ペット用品"
1262,"1259/1261","2019-09-20 14:30:23","2019-09-20 14:30:23","ペットフード"
1263,"1259/1261","2019-09-20 14:30:23","2019-09-20 14:30:23","犬用品"
1264,"1259/1261","2019-09-20 14:30:23","2019-09-20 14:30:23","猫用品"
1265,"1259/1261","2019-09-20 14:30:23","2019-09-20 14:30:23","魚用品/水草"
1266,"1259/1261","2019-09-20 14:30:23","2019-09-20 14:30:23","小動物用品"
1267,"1259/1261","2019-09-20 14:30:23","2019-09-20 14:30:23","爬虫類/両生類用品"
1268,"1259/1261","2019-09-20 14:30:23","2019-09-20 14:30:23","かご/おり"
1269,"1259/1261","2019-09-20 14:30:23","2019-09-20 14:30:23","鳥用品"
1270,"1259/1261","2019-09-20 14:30:23","2019-09-20 14:30:23","虫類用品"
1271,"1259/1261","2019-09-20 14:30:23","2019-09-20 14:30:23","その他"
1272,"1259","2019-09-20 14:30:23","2019-09-20 14:30:23","食品"
1273,"1259/1272","2019-09-20 14:30:23","2019-09-20 14:30:23","菓子"
1274,"1259/1272","2019-09-20 14:30:23","2019-09-20 14:30:23","米"
1275,"1259/1272","2019-09-20 14:30:23","2019-09-20 14:30:23","野菜"
1276,"1259/1272","2019-09-20 14:30:23","2019-09-20 14:30:23","果物"
1277,"1259/1272","2019-09-20 14:30:23","2019-09-20 14:30:23","調味料"
1278,"1259/1272","2019-09-20 14:30:23","2019-09-20 14:30:23","魚介類(加工食品)"
1279,"1259/1272","2019-09-20 14:30:23","2019-09-20 14:30:23","肉類(加工食品)"
1280,"1259/1272","2019-09-20 14:30:23","2019-09-20 14:30:23","その他 加工食品"
1281,"1259/1272","2019-09-20 14:30:23","2019-09-20 14:30:23","その他"
1282,"1259","2019-09-20 14:30:23","2019-09-20 14:30:23","飲料/酒"
1283,"1259/1282","2019-09-20 14:30:23","2019-09-20 14:30:23","コーヒー"
1284,"1259/1282","2019-09-20 14:30:23","2019-09-20 14:30:23","ソフトドリンク"
1285,"1259/1282","2019-09-20 14:30:23","2019-09-20 14:30:23","ミネラルウォーター"
1286,"1259/1282","2019-09-20 14:30:23","2019-09-20 14:30:23","茶"
1287,"1259/1282","2019-09-20 14:30:23","2019-09-20 14:30:23","ウイスキー"
1288,"1259/1282","2019-09-20 14:30:23","2019-09-20 14:30:23","ワイン"
1289,"1259/1282","2019-09-20 14:30:23","2019-09-20 14:30:23","ブランデー"
1290,"1259/1282","2019-09-20 14:30:23","2019-09-20 14:30:23","焼酎"
1291,"1259/1282","2019-09-20 14:30:23","2019-09-20 14:30:23","日本酒"
1292,"1259/1282","2019-09-20 14:30:23","2019-09-20 14:30:23","ビール、発泡酒"
1293,"1259/1282","2019-09-20 14:30:23","2019-09-20 14:30:23","その他"
1294,"1259","2019-09-20 14:30:23","2019-09-20 14:30:23","日用品/生活雑貨/旅行"
1295,"1259/1294","2019-09-20 14:30:23","2019-09-20 14:30:23","タオル/バス用品"
1296,"1259/1294","2019-09-20 14:30:23","2019-09-20 14:30:23","日用品/生活雑貨"
1297,"1259/1294","2019-09-20 14:30:23","2019-09-20 14:30:23","洗剤/柔軟剤"
1298,"1259/1294","2019-09-20 14:30:23","2019-09-20 14:30:23","旅行用品"
1299,"1259/1294","2019-09-20 14:30:23","2019-09-20 14:30:23","防災関連グッズ"
1300,"1259/1294","2019-09-20 14:30:23","2019-09-20 14:30:23","その他"
1301,"1259","2019-09-20 14:30:23","2019-09-20 14:30:23","アンティーク/コレクション"
1302,"1259/1301","2019-09-20 14:30:23","2019-09-20 14:30:23","雑貨"
1303,"1259/1301","2019-09-20 14:30:23","2019-09-20 14:30:23","工芸品"
1304,"1259/1301","2019-09-20 14:30:23","2019-09-20 14:30:23","家具"
1305,"1259/1301","2019-09-20 14:30:23","2019-09-20 14:30:23","印刷物"
1306,"1259/1301","2019-09-20 14:30:23","2019-09-20 14:30:23","その他"
1307,"1259","2019-09-20 14:30:23","2019-09-20 14:30:23","文房具/事務用品"
1308,"1259/1307","2019-09-20 14:30:23","2019-09-20 14:30:23","筆記具"
1309,"1259/1307","2019-09-20 14:30:23","2019-09-20 14:30:23","ノート/メモ帳"
1310,"1259/1307","2019-09-20 14:30:23","2019-09-20 14:30:23","テープ/マスキングテープ"
1311,"1259/1307","2019-09-20 14:30:23","2019-09-20 14:30:23","カレンダー/スケジュール"
1312,"1259/1307","2019-09-20 14:30:23","2019-09-20 14:30:23","アルバム/スクラップ"
1313,"1259/1307","2019-09-20 14:30:23","2019-09-20 14:30:23","ファイル/バインダー"
1314,"1259/1307","2019-09-20 14:30:23","2019-09-20 14:30:23","はさみ/カッター"
1315,"1259/1307","2019-09-20 14:30:23","2019-09-20 14:30:23","カードホルダー/名刺管理"
1316,"1259/1307","2019-09-20 14:30:23","2019-09-20 14:30:23","のり/ホッチキス"
1317,"1259/1307","2019-09-20 14:30:23","2019-09-20 14:30:23","その他"
1318,"1259","2019-09-20 14:30:23","2019-09-20 14:30:23","事務/店舗用品"
1319,"1259/1318","2019-09-20 14:30:23","2019-09-20 14:30:23","オフィス用品一般"
1320,"1259/1318","2019-09-20 14:30:23","2019-09-20 14:30:23","オフィス家具"
1321,"1259/1318","2019-09-20 14:30:23","2019-09-20 14:30:23","店舗用品"
1322,"1259/1318","2019-09-20 14:30:23","2019-09-20 14:30:23","OA機器"
1323,"1259/1318","2019-09-20 14:30:23","2019-09-20 14:30:23","ラッピング/包装"
1324,"1259/1318","2019-09-20 14:30:23","2019-09-20 14:30:23","その他"
1325,"1259","2019-09-20 14:30:23","2019-09-20 14:30:23","その他"

